/*M!999999\- enable the sandbox mode */ 
-- MariaDB dump 10.19-11.7.2-MariaDB, for osx10.20 (arm64)
--
-- Host: localhost    Database: lotteworld
-- ------------------------------------------------------
-- Server version	11.7.2-MariaDB

/*!40101 SET @OLD_CHARACTER_SET_CLIENT=@@CHARACTER_SET_CLIENT */;
/*!40101 SET @OLD_CHARACTER_SET_RESULTS=@@CHARACTER_SET_RESULTS */;
/*!40101 SET @OLD_COLLATION_CONNECTION=@@COLLATION_CONNECTION */;
/*!40101 SET NAMES utf8mb4 */;
/*!40103 SET @OLD_TIME_ZONE=@@TIME_ZONE */;
/*!40103 SET TIME_ZONE='+00:00' */;
/*!40014 SET @OLD_UNIQUE_CHECKS=@@UNIQUE_CHECKS, UNIQUE_CHECKS=0 */;
/*!40014 SET @OLD_FOREIGN_KEY_CHECKS=@@FOREIGN_KEY_CHECKS, FOREIGN_KEY_CHECKS=0 */;
/*!40101 SET @OLD_SQL_MODE=@@SQL_MODE, SQL_MODE='NO_AUTO_VALUE_ON_ZERO' */;
/*M!100616 SET @OLD_NOTE_VERBOSITY=@@NOTE_VERBOSITY, NOTE_VERBOSITY=0 */;

--
-- Table structure for table `AdminUsers`
--

DROP TABLE IF EXISTS `AdminUsers`;
/*!40101 SET @saved_cs_client     = @@character_set_client */;
/*!40101 SET character_set_client = utf8mb4 */;
CREATE TABLE `AdminUsers` (
  `id` int(11) NOT NULL AUTO_INCREMENT,
  `email` varchar(255) NOT NULL,
  `password` varchar(255) NOT NULL,
  `name` varchar(255) NOT NULL,
  `phone` varchar(255) NOT NULL,
  `position` varchar(255) NOT NULL,
  `createdAt` datetime NOT NULL,
  `updatedAt` datetime NOT NULL,
  PRIMARY KEY (`id`),
  UNIQUE KEY `email` (`email`)
) ENGINE=InnoDB AUTO_INCREMENT=2 DEFAULT CHARSET=utf8mb4 COLLATE=utf8mb4_general_ci;
/*!40101 SET character_set_client = @saved_cs_client */;

--
-- Dumping data for table `AdminUsers`
--

LOCK TABLES `AdminUsers` WRITE;
/*!40000 ALTER TABLE `AdminUsers` DISABLE KEYS */;
INSERT INTO `AdminUsers` VALUES
(1,'lhg010115@gmail.com','$2b$10$cg.HwdwmaIWNvHAwDOAnGeVDVU.Qw4Z9Y4UrvJ7qND1z4Z3nHHHVG','임형근','01041685269','관리자','2025-10-20 07:44:59','2025-10-20 07:44:59');
/*!40000 ALTER TABLE `AdminUsers` ENABLE KEYS */;
UNLOCK TABLES;

--
-- Table structure for table `CardBenefitGroups`
--

DROP TABLE IF EXISTS `CardBenefitGroups`;
/*!40101 SET @saved_cs_client     = @@character_set_client */;
/*!40101 SET character_set_client = utf8mb4 */;
CREATE TABLE `CardBenefitGroups` (
  `id` int(11) NOT NULL AUTO_INCREMENT,
  `ticketId` int(11) NOT NULL,
  `cardName` varchar(255) NOT NULL,
  `createdAt` datetime NOT NULL,
  `updatedAt` datetime NOT NULL,
  `category` enum('이달의 혜택','제휴카드','포인트') NOT NULL DEFAULT '제휴카드',
  PRIMARY KEY (`id`),
  KEY `ticketId` (`ticketId`),
  CONSTRAINT `cardbenefitgroups_ibfk_1` FOREIGN KEY (`ticketId`) REFERENCES `Tickets` (`id`) ON DELETE CASCADE
) ENGINE=InnoDB AUTO_INCREMENT=6 DEFAULT CHARSET=utf8mb4 COLLATE=utf8mb4_general_ci;
/*!40101 SET character_set_client = @saved_cs_client */;

--
-- Dumping data for table `CardBenefitGroups`
--

LOCK TABLES `CardBenefitGroups` WRITE;
/*!40000 ALTER TABLE `CardBenefitGroups` DISABLE KEYS */;
INSERT INTO `CardBenefitGroups` VALUES
(1,1,'삼성카드','2025-09-20 10:59:27','2025-09-20 10:59:27','제휴카드'),
(5,6,'카카오페이','2025-09-20 11:34:44','2025-09-20 11:34:44','이달의 혜택');
/*!40000 ALTER TABLE `CardBenefitGroups` ENABLE KEYS */;
UNLOCK TABLES;

--
-- Table structure for table `CardBenefitOptions`
--

DROP TABLE IF EXISTS `CardBenefitOptions`;
/*!40101 SET @saved_cs_client     = @@character_set_client */;
/*!40101 SET character_set_client = utf8mb4 */;
CREATE TABLE `CardBenefitOptions` (
  `id` int(11) NOT NULL AUTO_INCREMENT,
  `cardBenefitGroupId` int(11) NOT NULL,
  `optionName` varchar(255) NOT NULL,
  `benefit` varchar(255) NOT NULL,
  `basePrice` int(11) DEFAULT NULL,
  `discountPercent` int(11) DEFAULT NULL,
  `detailText` text DEFAULT NULL,
  `maxAdult` int(11) DEFAULT NULL,
  `maxTeen` int(11) DEFAULT NULL,
  `maxChild` int(11) DEFAULT NULL,
  `createdAt` datetime NOT NULL,
  `updatedAt` datetime NOT NULL,
  `maxCount` longtext CHARACTER SET utf8mb4 COLLATE utf8mb4_bin DEFAULT NULL CHECK (json_valid(`maxCount`)),
  `basePriceAdult` int(11) DEFAULT NULL,
  `basePriceTeen` int(11) DEFAULT NULL,
  `basePriceChild` int(11) DEFAULT NULL,
  `discountPercentAdult` int(11) DEFAULT NULL,
  `discountPercentTeen` int(11) DEFAULT NULL,
  `discountPercentChild` int(11) DEFAULT NULL,
  PRIMARY KEY (`id`)
) ENGINE=InnoDB AUTO_INCREMENT=11 DEFAULT CHARSET=utf8mb4 COLLATE=utf8mb4_general_ci;
/*!40101 SET character_set_client = @saved_cs_client */;

--
-- Dumping data for table `CardBenefitOptions`
--

LOCK TABLES `CardBenefitOptions` WRITE;
/*!40000 ALTER TABLE `CardBenefitOptions` DISABLE KEYS */;
INSERT INTO `CardBenefitOptions` VALUES
(1,1,'1DAY 종합이용권','본인 + 동반 1인 50%',NULL,NULL,'[1DAY 종합이용권]\n· 본인 + 동반 1인 50%\n· 대상 : 롯데월드카드(삼성카드) 보유 회원\n  \n※ 전월 이용금액 30만원 이상 시 제공(월 1회, 연 10회)\n※ 발급월 +1개월까지는 전월 이용금액 30만원 미만 시에도 제공\n\n※ 카드 신청 후 1시간이면 발급 완료, 실물카드 없이 바로 앱카드로 온라인 결제 가능(심사 절차에 따라 발급에 1시간 이상이 소요될 수 있습니다.)\n  \n(삼성카드) 유의사항\n- 대상카드 여부 및 실적충족여부 등 자세한 내용은 삼성카드 홈페이지(www.samsungcard.com) 또는 앱을 통해 확인\n- 연회비 : 롯데월드카드(삼성카드) 해외겸용(VISA) 10,000원｜국내전용 10,000원\n- 연체이자율 : 회원별/이용상품별 정상이자율 + 3%p(최고 연 20.0%)\n· 연체 발생 시점에 정상이자율이 없는 경우 아래와 같이 적용\n① 일시불 거래 연체 시 : 거래 발생 시점의 최소 기간(2개월) 유이자할부 이자율\n② 무이자할부 거래 연체 시 : 거래 발생 시점의 동일한 할부 계약기간 유이자할부 이자율\n* 금융상품 이용 전 상품설명서, 홈페이지, 약관을 통해 이용조건 확인\n* 금융소비자는 해당 상품 또는 서비스에 대하여 설명을 받을 권리가 있음\n* 신용카드 발급이 부적정한 경우(개인신용평점 낮음 등) 카드 발급이 제한될 수 있음\n* 카드 이용대금과 이에 수반되는 모든 수수료를 지정된 대금 결제일에 상환\n* 상환 능력에 비해 신용카드 사용액이 과도할 경우 귀하의 개인신용평점이 하락할 수 있음\n* 개인신용평점 하락 시 금융거래 관련된 불이익이 발생할 수 있음\n* 일정 기간 원리금을 연체할 경우, 모든 원리금을 변제할 의무가 발생할 수 있음\n* 여신금융협회 심의필 제 2025 - C1h - 01767호 ( 2025.02.18 ~ 2026.02.17 )`',2,0,0,'2025-09-20 10:59:27','2025-09-20 10:59:27',NULL,64000,0,0,50,0,0),
(2,1,'After 4 오후권','본인 + 동반 1인 50%',NULL,NULL,'[After 4 오후권]\n· 본인 + 동반 1인 50%\n· 대상 : 롯데월드카드(삼성카드) 보유 회원\n  \n※ 전월 이용금액 30만원 이상 시 제공(월 1회, 연 10회)\n※ 발급월 +1개월까지는 전월 이용금액 30만원 미만 시에도 제공\n  \n※ 카드 신청 후 1시간이면 발급 완료, 실물카드 없이 바로 앱카드로 온라인 결제 가능(심사 절차에 따라 발급에 1시간 이상이 소요될 수 있습니다.)\n  \n(삼성카드) 유의사항\n- 대상카드 여부 및 실적충족여부 등 자세한 내용은 삼성카드 홈페이지(www.samsungcard.com) 또는 앱을 통해 확인\n- 연회비 : 롯데월드카드(삼성카드) 해외겸용(VISA) 10,000원｜국내전용 10,000원\n- 연체이자율 : 회원별/이용상품별 정상이자율 + 3%p(최고 연 20.0%)\n· 연체 발생 시점에 정상이자율이 없는 경우 아래와 같이 적용\n① 일시불 거래 연체 시 : 거래 발생 시점의 최소 기간(2개월) 유이자할부 이자율\n② 무이자할부 거래 연체 시 : 거래 발생 시점의 동일한 할부 계약기간 유이자할부 이자율\n* 금융상품 이용 전 상품설명서, 홈페이지, 약관을 통해 이용조건 확인\n* 금융소비자는 해당 상품 또는 서비스에 대하여 설명을 받을 권리가 있음\n* 신용카드 발급이 부적정한 경우(개인신용평점 낮음 등) 카드 발급이 제한될 수 있음\n* 카드 이용대금과 이에 수반되는 모든 수수료를 지정된 대금 결제일에 상환\n* 상환 능력에 비해 신용카드 사용액이 과도할 경우 귀하의 개인신용평점이 하락할 수 있음\n* 개인신용평점 하락 시 금융거래 관련된 불이익이 발생할 수 있음\n* 일정 기간 원리금을 연체할 경우, 모든 원리금을 변제할 의무가 발생할 수 있음\n* 여신금융협회 심의필 제 2025 - C1h - 01767호 ( 2025.02.18 ~ 2026.02.17 )`',2,0,0,'2025-09-20 10:59:27','2025-09-20 10:59:27',NULL,52000,0,0,50,0,0),
(9,5,'카카오페이(1 DAY)','카카오페이 결제 시, 최대 39% 할인',NULL,NULL,'[종일권] 카카오페이 결제 시, 최대 39% 할인',10,10,10,'2025-09-20 11:34:44','2025-09-20 11:34:44',NULL,64000,56000,48000,39,39,39),
(10,5,'카카오페이(AFTER4)','카카오페이 결제 시, 최대 39% 할인',NULL,NULL,'[야간권] 카카오페이 결제 시, 최대 39% 할인',10,10,10,'2025-09-20 11:34:44','2025-09-20 11:34:44',NULL,52000,45000,37000,39,39,39);
/*!40000 ALTER TABLE `CardBenefitOptions` ENABLE KEYS */;
UNLOCK TABLES;

--
-- Table structure for table `Maintenances`
--

DROP TABLE IF EXISTS `Maintenances`;
/*!40101 SET @saved_cs_client     = @@character_set_client */;
/*!40101 SET character_set_client = utf8mb4 */;
CREATE TABLE `Maintenances` (
  `id` int(11) NOT NULL AUTO_INCREMENT,
  `date` date NOT NULL,
  `label` varchar(255) NOT NULL,
  `imageUrl` varchar(255) NOT NULL,
  `createdAt` datetime DEFAULT NULL,
  `updatedAt` datetime DEFAULT NULL,
  `reason` varchar(255) DEFAULT '기타',
  PRIMARY KEY (`id`)
) ENGINE=InnoDB AUTO_INCREMENT=97 DEFAULT CHARSET=utf8mb4 COLLATE=utf8mb4_general_ci;
/*!40101 SET character_set_client = @saved_cs_client */;

--
-- Dumping data for table `Maintenances`
--

LOCK TABLES `Maintenances` WRITE;
/*!40000 ALTER TABLE `Maintenances` DISABLE KEYS */;
INSERT INTO `Maintenances` VALUES
(43,'2025-09-22','혜성특급','/uploads/1758681591036.jpg','2025-09-24 02:39:51','2025-09-24 02:39:51','정기점검'),
(44,'2025-09-23','혜성특급','/uploads/1758681591036.jpg','2025-09-24 02:39:51','2025-09-24 02:39:51','정기점검'),
(45,'2025-09-24','혜성특급','/uploads/1758681591036.jpg','2025-09-24 02:39:51','2025-09-24 02:39:51','정기점검'),
(46,'2025-09-25','혜성특급','/uploads/1758681591036.jpg','2025-09-24 02:39:51','2025-09-24 02:39:51','정기점검'),
(47,'2025-09-28','혜성특급','/uploads/1758681591036.jpg','2025-09-24 02:39:51','2025-09-24 02:39:51','정기점검'),
(48,'2025-09-30','혜성특급','/uploads/1758681591036.jpg','2025-09-24 02:39:51','2025-09-24 02:39:51','정기점검'),
(49,'2025-09-26','혜성특급','/uploads/1758681591036.jpg','2025-09-24 02:39:51','2025-09-24 02:39:51','정기점검'),
(50,'2025-10-01','혜성특급','/uploads/1758681591036.jpg','2025-09-24 02:39:51','2025-09-24 02:39:51','정기점검'),
(51,'2025-09-27','혜성특급','/uploads/1758681591036.jpg','2025-09-24 02:39:51','2025-09-24 02:39:51','정기점검'),
(52,'2025-09-29','혜성특급','/uploads/1758681591036.jpg','2025-09-24 02:39:51','2025-09-24 02:39:51','정기점검'),
(53,'2025-09-23','어린이 동화 극장','/uploads/1758681613007.png','2025-09-24 02:40:13','2025-09-24 02:40:13','정기점검'),
(55,'2025-09-25','어린이 동화 극장','/uploads/1758681613007.png','2025-09-24 02:40:13','2025-09-24 02:40:13','정기점검'),
(56,'2025-09-26','어린이 동화 극장','/uploads/1758681613007.png','2025-09-24 02:40:13','2025-09-24 02:40:13','정기점검'),
(57,'2025-09-29','어린이 동화 극장','/uploads/1758681613007.png','2025-09-24 02:40:13','2025-09-24 02:40:13','정기점검'),
(58,'2025-09-27','어린이 동화 극장','/uploads/1758681613007.png','2025-09-24 02:40:13','2025-09-24 02:40:13','정기점검'),
(59,'2025-09-28','어린이 동화 극장','/uploads/1758681613007.png','2025-09-24 02:40:13','2025-09-24 02:40:13','정기점검'),
(60,'2025-09-30','어린이 동화 극장','/uploads/1758681613007.png','2025-09-24 02:40:13','2025-09-24 02:40:13','정기점검'),
(61,'2025-10-01','어린이 동화 극장','/uploads/1758681613007.png','2025-09-24 02:40:13','2025-09-24 02:40:13','정기점검'),
(62,'2025-10-02','어린이 동화 극장','/uploads/1758681613007.png','2025-09-24 02:40:13','2025-09-24 02:40:13','정기점검'),
(63,'2025-10-03','어린이 동화 극장','/uploads/1758681613007.png','2025-09-24 02:40:13','2025-09-24 02:40:13','정기점검'),
(64,'2025-09-23','자이로드롭','/uploads/1758681654866.jpg','2025-09-24 02:40:54','2025-09-24 02:40:54','기상악화'),
(66,'2025-09-24','자이로드롭','/uploads/1758681992699.jpg','2025-09-24 02:46:32','2025-09-24 02:46:32','기상악화'),
(67,'2025-10-20','자이로드롭','/uploads/1761036493792.jpg','2025-10-21 08:48:13','2025-10-21 08:48:13','정기 정검'),
(77,'2025-10-20','자이로드롭','/uploads/1761036733566.jpg','2025-10-21 08:52:13','2025-10-21 08:52:13','정기점검'),
(78,'2025-10-21','자이로드롭','/uploads/1761036733566.jpg','2025-10-21 08:52:13','2025-10-21 08:52:13','정기점검'),
(79,'2025-10-22','자이로드롭','/uploads/1761036733566.jpg','2025-10-21 08:52:13','2025-10-21 08:52:13','정기점검'),
(82,'2025-10-23','자이로드롭','/uploads/1761036733566.jpg','2025-10-21 08:52:13','2025-10-21 08:52:13','정기점검'),
(83,'2025-10-24','자이로드롭','/uploads/1761036733566.jpg','2025-10-21 08:52:13','2025-10-21 08:52:13','정기점검'),
(94,'2025-10-20','어린이 동화극장','/uploads/1761036763597.png','2025-10-21 08:52:43','2025-10-21 08:52:43','정기점검'),
(95,'2025-10-21','어린이 동화극장','/uploads/1761036763597.png','2025-10-21 08:52:43','2025-10-21 08:52:43','정기점검'),
(96,'2025-10-22','어린이 동화극장','/uploads/1761036763597.png','2025-10-21 08:52:43','2025-10-21 08:52:43','정기점검');
/*!40000 ALTER TABLE `Maintenances` ENABLE KEYS */;
UNLOCK TABLES;

--
-- Table structure for table `Notifications`
--

DROP TABLE IF EXISTS `Notifications`;
/*!40101 SET @saved_cs_client     = @@character_set_client */;
/*!40101 SET character_set_client = utf8mb4 */;
CREATE TABLE `Notifications` (
  `id` int(11) NOT NULL AUTO_INCREMENT,
  `userId` int(11) NOT NULL,
  `type` enum('system','ride_closed','ride_resumed','event','parade') NOT NULL,
  `title` varchar(255) NOT NULL,
  `content` varchar(255) DEFAULT NULL,
  `read` tinyint(1) DEFAULT 0,
  `createdAt` datetime NOT NULL DEFAULT current_timestamp(),
  `updatedAt` datetime NOT NULL DEFAULT current_timestamp(),
  `deliveryMethod` enum('push','email') NOT NULL DEFAULT 'push',
  `recipient` varchar(255) NOT NULL DEFAULT '',
  `status` enum('scheduled','sent','failed') NOT NULL DEFAULT 'scheduled',
  `scheduledAt` datetime DEFAULT NULL,
  PRIMARY KEY (`id`),
  KEY `userId` (`userId`),
  CONSTRAINT `notifications_ibfk_1` FOREIGN KEY (`userId`) REFERENCES `Users` (`id`) ON DELETE CASCADE
) ENGINE=InnoDB AUTO_INCREMENT=1975 DEFAULT CHARSET=utf8mb4 COLLATE=utf8mb4_general_ci;
/*!40101 SET character_set_client = @saved_cs_client */;

--
-- Dumping data for table `Notifications`
--

LOCK TABLES `Notifications` WRITE;
/*!40000 ALTER TABLE `Notifications` DISABLE KEYS */;
INSERT INTO `Notifications` VALUES
(1832,1,'system','ㅇ','ㅇ',1,'2025-10-18 08:14:42','2025-10-21 06:16:02','push','all_users','sent','2025-10-18 08:14:42'),
(1833,2,'system','ㅇ','ㅇ',0,'2025-10-18 08:14:42','2025-10-18 08:14:43','push','all_users','failed','2025-10-18 08:14:42'),
(1834,3,'system','ㅇ','ㅇ',0,'2025-10-18 08:14:42','2025-10-18 08:14:42','push','all_users','sent','2025-10-18 08:14:42'),
(1835,4,'system','ㅇ','ㅇ',0,'2025-10-18 08:14:42','2025-10-18 08:14:43','push','all_users','failed','2025-10-18 08:14:42'),
(1836,5,'system','ㅇ','ㅇ',0,'2025-10-18 08:14:42','2025-10-18 08:14:42','push','all_users','sent','2025-10-18 08:14:42'),
(1837,6,'system','ㅇ','ㅇ',0,'2025-10-18 08:14:42','2025-10-18 08:14:42','push','all_users','sent','2025-10-18 08:14:42'),
(1838,7,'system','ㅇ','ㅇ',0,'2025-10-18 08:14:42','2025-10-18 08:14:42','push','all_users','sent','2025-10-18 08:14:42'),
(1839,8,'system','ㅇ','ㅇ',0,'2025-10-18 08:14:42','2025-10-18 08:14:42','push','all_users','sent','2025-10-18 08:14:42'),
(1840,9,'system','ㅇ','ㅇ',0,'2025-10-18 08:14:42','2025-10-18 08:14:42','push','all_users','sent','2025-10-18 08:14:42'),
(1841,10,'system','ㅇ','ㅇ',0,'2025-10-18 08:14:42','2025-10-18 08:14:42','push','all_users','sent','2025-10-18 08:14:42'),
(1842,12,'system','ㅇ','ㅇ',0,'2025-10-18 08:14:42','2025-10-18 08:14:42','push','all_users','sent','2025-10-18 08:14:42'),
(1843,13,'system','ㅇ','ㅇ',0,'2025-10-18 08:14:42','2025-10-18 08:14:43','push','all_users','failed','2025-10-18 08:14:42'),
(1844,11,'system','ㅇ','ㅇ',0,'2025-10-18 08:14:42','2025-10-18 08:14:42','push','all_users','sent','2025-10-18 08:14:42'),
(1845,14,'system','ㅇ','ㅇ',0,'2025-10-18 08:14:42','2025-10-18 08:14:42','push','all_users','sent','2025-10-18 08:14:42'),
(1846,15,'system','ㅇ','ㅇ',0,'2025-10-18 08:14:42','2025-10-18 08:14:42','push','all_users','sent','2025-10-18 08:14:42'),
(1847,16,'system','ㅇ','ㅇ',0,'2025-10-18 08:14:42','2025-10-18 08:14:42','push','all_users','sent','2025-10-18 08:14:42'),
(1848,18,'system','ㅇ','ㅇ',0,'2025-10-18 08:14:42','2025-10-18 08:14:42','push','all_users','sent','2025-10-18 08:14:42'),
(1849,19,'system','ㅇ','ㅇ',0,'2025-10-18 08:14:42','2025-10-18 08:14:42','push','all_users','sent','2025-10-18 08:14:42'),
(1850,17,'system','ㅇ','ㅇ',0,'2025-10-18 08:14:42','2025-10-18 08:14:42','push','all_users','sent','2025-10-18 08:14:42'),
(1851,20,'system','ㅇ','ㅇ',0,'2025-10-18 08:14:42','2025-10-18 08:14:42','push','all_users','sent','2025-10-18 08:14:42'),
(1852,21,'system','ㅇ','ㅇ',0,'2025-10-18 08:14:42','2025-10-18 08:14:42','push','all_users','sent','2025-10-18 08:14:42'),
(1853,22,'system','ㅇ','ㅇ',0,'2025-10-18 08:14:42','2025-10-18 08:14:42','push','all_users','sent','2025-10-18 08:14:42'),
(1854,23,'system','ㅇ','ㅇ',0,'2025-10-18 08:14:42','2025-10-18 08:14:42','push','all_users','sent','2025-10-18 08:14:42'),
(1855,24,'system','ㅇ','ㅇ',0,'2025-10-18 08:14:42','2025-10-18 08:14:42','push','all_users','sent','2025-10-18 08:14:42'),
(1856,25,'system','ㅇ','ㅇ',0,'2025-10-18 08:14:42','2025-10-18 08:14:42','push','all_users','sent','2025-10-18 08:14:42'),
(1857,26,'system','ㅇ','ㅇ',0,'2025-10-18 08:14:42','2025-10-18 08:14:42','push','all_users','sent','2025-10-18 08:14:42'),
(1858,27,'system','ㅇ','ㅇ',0,'2025-10-18 08:14:42','2025-10-18 08:14:42','push','all_users','sent','2025-10-18 08:14:42'),
(1859,29,'system','ㅇ','ㅇ',0,'2025-10-18 08:14:42','2025-10-18 08:14:43','push','all_users','failed','2025-10-18 08:14:42'),
(1860,3,'event','🎆 오늘 밤 불꽃놀이가 펼쳐집니다!','오후 8시부터 롯데월드 어드벤처 야외에서 환상적인 불꽃놀이가 시작됩니다.\n놓치지 말고 소중한 사람과 함께 즐겨보세요!',0,'2025-10-18 10:21:40','2025-10-18 10:21:40','push','all_users','sent','2025-10-18 10:21:40'),
(1861,1,'event','🎆 오늘 밤 불꽃놀이가 펼쳐집니다!','오후 8시부터 롯데월드 어드벤처 야외에서 환상적인 불꽃놀이가 시작됩니다.\n놓치지 말고 소중한 사람과 함께 즐겨보세요!',0,'2025-10-18 10:21:40','2025-10-18 10:21:40','push','all_users','failed','2025-10-18 10:21:40'),
(1862,5,'event','🎆 오늘 밤 불꽃놀이가 펼쳐집니다!','오후 8시부터 롯데월드 어드벤처 야외에서 환상적인 불꽃놀이가 시작됩니다.\n놓치지 말고 소중한 사람과 함께 즐겨보세요!',0,'2025-10-18 10:21:40','2025-10-18 10:21:40','push','all_users','sent','2025-10-18 10:21:40'),
(1863,2,'event','🎆 오늘 밤 불꽃놀이가 펼쳐집니다!','오후 8시부터 롯데월드 어드벤처 야외에서 환상적인 불꽃놀이가 시작됩니다.\n놓치지 말고 소중한 사람과 함께 즐겨보세요!',0,'2025-10-18 10:21:40','2025-10-18 10:21:40','push','all_users','failed','2025-10-18 10:21:40'),
(1864,4,'event','🎆 오늘 밤 불꽃놀이가 펼쳐집니다!','오후 8시부터 롯데월드 어드벤처 야외에서 환상적인 불꽃놀이가 시작됩니다.\n놓치지 말고 소중한 사람과 함께 즐겨보세요!',0,'2025-10-18 10:21:40','2025-10-18 10:21:40','push','all_users','failed','2025-10-18 10:21:40'),
(1865,6,'event','🎆 오늘 밤 불꽃놀이가 펼쳐집니다!','오후 8시부터 롯데월드 어드벤처 야외에서 환상적인 불꽃놀이가 시작됩니다.\n놓치지 말고 소중한 사람과 함께 즐겨보세요!',0,'2025-10-18 10:21:40','2025-10-18 10:21:40','push','all_users','sent','2025-10-18 10:21:40'),
(1866,7,'event','🎆 오늘 밤 불꽃놀이가 펼쳐집니다!','오후 8시부터 롯데월드 어드벤처 야외에서 환상적인 불꽃놀이가 시작됩니다.\n놓치지 말고 소중한 사람과 함께 즐겨보세요!',0,'2025-10-18 10:21:40','2025-10-18 10:21:40','push','all_users','sent','2025-10-18 10:21:40'),
(1867,8,'event','🎆 오늘 밤 불꽃놀이가 펼쳐집니다!','오후 8시부터 롯데월드 어드벤처 야외에서 환상적인 불꽃놀이가 시작됩니다.\n놓치지 말고 소중한 사람과 함께 즐겨보세요!',0,'2025-10-18 10:21:40','2025-10-18 10:21:40','push','all_users','sent','2025-10-18 10:21:40'),
(1868,9,'event','🎆 오늘 밤 불꽃놀이가 펼쳐집니다!','오후 8시부터 롯데월드 어드벤처 야외에서 환상적인 불꽃놀이가 시작됩니다.\n놓치지 말고 소중한 사람과 함께 즐겨보세요!',0,'2025-10-18 10:21:40','2025-10-18 10:21:40','push','all_users','sent','2025-10-18 10:21:40'),
(1869,11,'event','🎆 오늘 밤 불꽃놀이가 펼쳐집니다!','오후 8시부터 롯데월드 어드벤처 야외에서 환상적인 불꽃놀이가 시작됩니다.\n놓치지 말고 소중한 사람과 함께 즐겨보세요!',0,'2025-10-18 10:21:40','2025-10-18 10:21:40','push','all_users','sent','2025-10-18 10:21:40'),
(1870,10,'event','🎆 오늘 밤 불꽃놀이가 펼쳐집니다!','오후 8시부터 롯데월드 어드벤처 야외에서 환상적인 불꽃놀이가 시작됩니다.\n놓치지 말고 소중한 사람과 함께 즐겨보세요!',0,'2025-10-18 10:21:40','2025-10-18 10:21:40','push','all_users','sent','2025-10-18 10:21:40'),
(1871,12,'event','🎆 오늘 밤 불꽃놀이가 펼쳐집니다!','오후 8시부터 롯데월드 어드벤처 야외에서 환상적인 불꽃놀이가 시작됩니다.\n놓치지 말고 소중한 사람과 함께 즐겨보세요!',0,'2025-10-18 10:21:40','2025-10-18 10:21:40','push','all_users','sent','2025-10-18 10:21:40'),
(1872,13,'event','🎆 오늘 밤 불꽃놀이가 펼쳐집니다!','오후 8시부터 롯데월드 어드벤처 야외에서 환상적인 불꽃놀이가 시작됩니다.\n놓치지 말고 소중한 사람과 함께 즐겨보세요!',0,'2025-10-18 10:21:40','2025-10-18 10:21:40','push','all_users','sent','2025-10-18 10:21:40'),
(1873,15,'event','🎆 오늘 밤 불꽃놀이가 펼쳐집니다!','오후 8시부터 롯데월드 어드벤처 야외에서 환상적인 불꽃놀이가 시작됩니다.\n놓치지 말고 소중한 사람과 함께 즐겨보세요!',0,'2025-10-18 10:21:40','2025-10-18 10:21:40','push','all_users','sent','2025-10-18 10:21:40'),
(1874,14,'event','🎆 오늘 밤 불꽃놀이가 펼쳐집니다!','오후 8시부터 롯데월드 어드벤처 야외에서 환상적인 불꽃놀이가 시작됩니다.\n놓치지 말고 소중한 사람과 함께 즐겨보세요!',0,'2025-10-18 10:21:40','2025-10-18 10:21:40','push','all_users','sent','2025-10-18 10:21:40'),
(1875,16,'event','🎆 오늘 밤 불꽃놀이가 펼쳐집니다!','오후 8시부터 롯데월드 어드벤처 야외에서 환상적인 불꽃놀이가 시작됩니다.\n놓치지 말고 소중한 사람과 함께 즐겨보세요!',0,'2025-10-18 10:21:40','2025-10-18 10:21:40','push','all_users','sent','2025-10-18 10:21:40'),
(1876,17,'event','🎆 오늘 밤 불꽃놀이가 펼쳐집니다!','오후 8시부터 롯데월드 어드벤처 야외에서 환상적인 불꽃놀이가 시작됩니다.\n놓치지 말고 소중한 사람과 함께 즐겨보세요!',0,'2025-10-18 10:21:40','2025-10-18 10:21:40','push','all_users','sent','2025-10-18 10:21:40'),
(1877,18,'event','🎆 오늘 밤 불꽃놀이가 펼쳐집니다!','오후 8시부터 롯데월드 어드벤처 야외에서 환상적인 불꽃놀이가 시작됩니다.\n놓치지 말고 소중한 사람과 함께 즐겨보세요!',0,'2025-10-18 10:21:40','2025-10-18 10:21:40','push','all_users','sent','2025-10-18 10:21:40'),
(1878,19,'event','🎆 오늘 밤 불꽃놀이가 펼쳐집니다!','오후 8시부터 롯데월드 어드벤처 야외에서 환상적인 불꽃놀이가 시작됩니다.\n놓치지 말고 소중한 사람과 함께 즐겨보세요!',0,'2025-10-18 10:21:40','2025-10-18 10:21:40','push','all_users','sent','2025-10-18 10:21:40'),
(1879,20,'event','🎆 오늘 밤 불꽃놀이가 펼쳐집니다!','오후 8시부터 롯데월드 어드벤처 야외에서 환상적인 불꽃놀이가 시작됩니다.\n놓치지 말고 소중한 사람과 함께 즐겨보세요!',0,'2025-10-18 10:21:40','2025-10-18 10:21:40','push','all_users','sent','2025-10-18 10:21:40'),
(1880,21,'event','🎆 오늘 밤 불꽃놀이가 펼쳐집니다!','오후 8시부터 롯데월드 어드벤처 야외에서 환상적인 불꽃놀이가 시작됩니다.\n놓치지 말고 소중한 사람과 함께 즐겨보세요!',0,'2025-10-18 10:21:40','2025-10-18 10:21:40','push','all_users','sent','2025-10-18 10:21:40'),
(1881,22,'event','🎆 오늘 밤 불꽃놀이가 펼쳐집니다!','오후 8시부터 롯데월드 어드벤처 야외에서 환상적인 불꽃놀이가 시작됩니다.\n놓치지 말고 소중한 사람과 함께 즐겨보세요!',0,'2025-10-18 10:21:40','2025-10-18 10:21:40','push','all_users','sent','2025-10-18 10:21:40'),
(1882,23,'event','🎆 오늘 밤 불꽃놀이가 펼쳐집니다!','오후 8시부터 롯데월드 어드벤처 야외에서 환상적인 불꽃놀이가 시작됩니다.\n놓치지 말고 소중한 사람과 함께 즐겨보세요!',0,'2025-10-18 10:21:40','2025-10-18 10:21:40','push','all_users','sent','2025-10-18 10:21:40'),
(1883,24,'event','🎆 오늘 밤 불꽃놀이가 펼쳐집니다!','오후 8시부터 롯데월드 어드벤처 야외에서 환상적인 불꽃놀이가 시작됩니다.\n놓치지 말고 소중한 사람과 함께 즐겨보세요!',0,'2025-10-18 10:21:40','2025-10-18 10:21:40','push','all_users','sent','2025-10-18 10:21:40'),
(1884,25,'event','🎆 오늘 밤 불꽃놀이가 펼쳐집니다!','오후 8시부터 롯데월드 어드벤처 야외에서 환상적인 불꽃놀이가 시작됩니다.\n놓치지 말고 소중한 사람과 함께 즐겨보세요!',0,'2025-10-18 10:21:40','2025-10-18 10:21:40','push','all_users','sent','2025-10-18 10:21:40'),
(1885,26,'event','🎆 오늘 밤 불꽃놀이가 펼쳐집니다!','오후 8시부터 롯데월드 어드벤처 야외에서 환상적인 불꽃놀이가 시작됩니다.\n놓치지 말고 소중한 사람과 함께 즐겨보세요!',0,'2025-10-18 10:21:40','2025-10-18 10:21:40','push','all_users','sent','2025-10-18 10:21:40'),
(1886,27,'event','🎆 오늘 밤 불꽃놀이가 펼쳐집니다!','오후 8시부터 롯데월드 어드벤처 야외에서 환상적인 불꽃놀이가 시작됩니다.\n놓치지 말고 소중한 사람과 함께 즐겨보세요!',0,'2025-10-18 10:21:40','2025-10-18 10:21:40','push','all_users','sent','2025-10-18 10:21:40'),
(1887,29,'event','🎆 오늘 밤 불꽃놀이가 펼쳐집니다!','오후 8시부터 롯데월드 어드벤처 야외에서 환상적인 불꽃놀이가 시작됩니다.\n놓치지 말고 소중한 사람과 함께 즐겨보세요!',0,'2025-10-18 10:21:40','2025-10-18 10:21:40','push','all_users','failed','2025-10-18 10:21:40'),
(1888,5,'ride_closed','🎢 어트랙션 운휴 알림','자이로드롭이 기상 상황으로 인해 일시 운휴됩니다.\n',0,'2025-10-20 15:33:59','2025-10-20 15:33:59','push','all_users','sent','2025-10-20 15:33:59'),
(1889,1,'ride_closed','🎢 어트랙션 운휴 알림','자이로드롭이 기상 상황으로 인해 일시 운휴됩니다.\n',0,'2025-10-20 15:33:59','2025-10-20 15:34:00','push','all_users','failed','2025-10-20 15:33:59'),
(1890,3,'ride_closed','🎢 어트랙션 운휴 알림','자이로드롭이 기상 상황으로 인해 일시 운휴됩니다.\n',0,'2025-10-20 15:33:59','2025-10-20 15:33:59','push','all_users','sent','2025-10-20 15:33:59'),
(1891,2,'ride_closed','🎢 어트랙션 운휴 알림','자이로드롭이 기상 상황으로 인해 일시 운휴됩니다.\n',0,'2025-10-20 15:33:59','2025-10-20 15:34:00','push','all_users','failed','2025-10-20 15:33:59'),
(1892,4,'ride_closed','🎢 어트랙션 운휴 알림','자이로드롭이 기상 상황으로 인해 일시 운휴됩니다.\n',0,'2025-10-20 15:33:59','2025-10-20 15:34:00','push','all_users','failed','2025-10-20 15:33:59'),
(1893,6,'ride_closed','🎢 어트랙션 운휴 알림','자이로드롭이 기상 상황으로 인해 일시 운휴됩니다.\n',0,'2025-10-20 15:33:59','2025-10-20 15:33:59','push','all_users','sent','2025-10-20 15:33:59'),
(1894,7,'ride_closed','🎢 어트랙션 운휴 알림','자이로드롭이 기상 상황으로 인해 일시 운휴됩니다.\n',0,'2025-10-20 15:33:59','2025-10-20 15:33:59','push','all_users','sent','2025-10-20 15:33:59'),
(1895,8,'ride_closed','🎢 어트랙션 운휴 알림','자이로드롭이 기상 상황으로 인해 일시 운휴됩니다.\n',0,'2025-10-20 15:33:59','2025-10-20 15:33:59','push','all_users','sent','2025-10-20 15:33:59'),
(1896,9,'ride_closed','🎢 어트랙션 운휴 알림','자이로드롭이 기상 상황으로 인해 일시 운휴됩니다.\n',0,'2025-10-20 15:33:59','2025-10-20 15:33:59','push','all_users','sent','2025-10-20 15:33:59'),
(1897,10,'ride_closed','🎢 어트랙션 운휴 알림','자이로드롭이 기상 상황으로 인해 일시 운휴됩니다.\n',0,'2025-10-20 15:33:59','2025-10-20 15:33:59','push','all_users','sent','2025-10-20 15:33:59'),
(1898,11,'ride_closed','🎢 어트랙션 운휴 알림','자이로드롭이 기상 상황으로 인해 일시 운휴됩니다.\n',0,'2025-10-20 15:33:59','2025-10-20 15:33:59','push','all_users','sent','2025-10-20 15:33:59'),
(1899,12,'ride_closed','🎢 어트랙션 운휴 알림','자이로드롭이 기상 상황으로 인해 일시 운휴됩니다.\n',0,'2025-10-20 15:33:59','2025-10-20 15:33:59','push','all_users','sent','2025-10-20 15:33:59'),
(1900,13,'ride_closed','🎢 어트랙션 운휴 알림','자이로드롭이 기상 상황으로 인해 일시 운휴됩니다.\n',0,'2025-10-20 15:33:59','2025-10-20 15:33:59','push','all_users','sent','2025-10-20 15:33:59'),
(1901,14,'ride_closed','🎢 어트랙션 운휴 알림','자이로드롭이 기상 상황으로 인해 일시 운휴됩니다.\n',0,'2025-10-20 15:33:59','2025-10-20 15:33:59','push','all_users','sent','2025-10-20 15:33:59'),
(1902,15,'ride_closed','🎢 어트랙션 운휴 알림','자이로드롭이 기상 상황으로 인해 일시 운휴됩니다.\n',0,'2025-10-20 15:33:59','2025-10-20 15:33:59','push','all_users','sent','2025-10-20 15:33:59'),
(1903,16,'ride_closed','🎢 어트랙션 운휴 알림','자이로드롭이 기상 상황으로 인해 일시 운휴됩니다.\n',0,'2025-10-20 15:33:59','2025-10-20 15:33:59','push','all_users','sent','2025-10-20 15:33:59'),
(1904,17,'ride_closed','🎢 어트랙션 운휴 알림','자이로드롭이 기상 상황으로 인해 일시 운휴됩니다.\n',0,'2025-10-20 15:33:59','2025-10-20 15:33:59','push','all_users','sent','2025-10-20 15:33:59'),
(1905,18,'ride_closed','🎢 어트랙션 운휴 알림','자이로드롭이 기상 상황으로 인해 일시 운휴됩니다.\n',0,'2025-10-20 15:33:59','2025-10-20 15:33:59','push','all_users','sent','2025-10-20 15:33:59'),
(1906,19,'ride_closed','🎢 어트랙션 운휴 알림','자이로드롭이 기상 상황으로 인해 일시 운휴됩니다.\n',0,'2025-10-20 15:33:59','2025-10-20 15:33:59','push','all_users','sent','2025-10-20 15:33:59'),
(1907,20,'ride_closed','🎢 어트랙션 운휴 알림','자이로드롭이 기상 상황으로 인해 일시 운휴됩니다.\n',0,'2025-10-20 15:33:59','2025-10-20 15:33:59','push','all_users','sent','2025-10-20 15:33:59'),
(1908,21,'ride_closed','🎢 어트랙션 운휴 알림','자이로드롭이 기상 상황으로 인해 일시 운휴됩니다.\n',0,'2025-10-20 15:33:59','2025-10-20 15:33:59','push','all_users','sent','2025-10-20 15:33:59'),
(1909,22,'ride_closed','🎢 어트랙션 운휴 알림','자이로드롭이 기상 상황으로 인해 일시 운휴됩니다.\n',0,'2025-10-20 15:33:59','2025-10-20 15:33:59','push','all_users','sent','2025-10-20 15:33:59'),
(1910,23,'ride_closed','🎢 어트랙션 운휴 알림','자이로드롭이 기상 상황으로 인해 일시 운휴됩니다.\n',0,'2025-10-20 15:33:59','2025-10-20 15:33:59','push','all_users','sent','2025-10-20 15:33:59'),
(1911,24,'ride_closed','🎢 어트랙션 운휴 알림','자이로드롭이 기상 상황으로 인해 일시 운휴됩니다.\n',0,'2025-10-20 15:33:59','2025-10-20 15:33:59','push','all_users','sent','2025-10-20 15:33:59'),
(1912,25,'ride_closed','🎢 어트랙션 운휴 알림','자이로드롭이 기상 상황으로 인해 일시 운휴됩니다.\n',0,'2025-10-20 15:33:59','2025-10-20 15:33:59','push','all_users','sent','2025-10-20 15:33:59'),
(1913,26,'ride_closed','🎢 어트랙션 운휴 알림','자이로드롭이 기상 상황으로 인해 일시 운휴됩니다.\n',0,'2025-10-20 15:33:59','2025-10-20 15:33:59','push','all_users','sent','2025-10-20 15:33:59'),
(1914,27,'ride_closed','🎢 어트랙션 운휴 알림','자이로드롭이 기상 상황으로 인해 일시 운휴됩니다.\n',0,'2025-10-20 15:33:59','2025-10-20 15:33:59','push','all_users','sent','2025-10-20 15:33:59'),
(1915,29,'ride_closed','🎢 어트랙션 운휴 알림','자이로드롭이 기상 상황으로 인해 일시 운휴됩니다.\n',0,'2025-10-20 15:33:59','2025-10-20 15:34:00','push','all_users','failed','2025-10-20 15:33:59'),
(1916,30,'ride_closed','🎢 어트랙션 운휴 알림','자이로드롭이 기상 상황으로 인해 일시 운휴됩니다.\n',0,'2025-10-20 15:33:59','2025-10-20 15:33:59','push','all_users','sent','2025-10-20 15:33:59'),
(1917,1,'parade','🔄 공연 스케줄 변경','금일 16시 공연은 17시로 변경되었습니다. 이용에 참고 바랍니다.\n',0,'2025-10-20 15:34:16','2025-10-20 15:34:17','push','all_users','failed','2025-10-20 15:34:16'),
(1918,2,'parade','🔄 공연 스케줄 변경','금일 16시 공연은 17시로 변경되었습니다. 이용에 참고 바랍니다.\n',0,'2025-10-20 15:34:16','2025-10-20 15:34:16','push','all_users','failed','2025-10-20 15:34:16'),
(1919,3,'parade','🔄 공연 스케줄 변경','금일 16시 공연은 17시로 변경되었습니다. 이용에 참고 바랍니다.\n',0,'2025-10-20 15:34:16','2025-10-20 15:34:16','push','all_users','sent','2025-10-20 15:34:16'),
(1920,4,'parade','🔄 공연 스케줄 변경','금일 16시 공연은 17시로 변경되었습니다. 이용에 참고 바랍니다.\n',0,'2025-10-20 15:34:16','2025-10-20 15:34:17','push','all_users','failed','2025-10-20 15:34:16'),
(1921,5,'parade','🔄 공연 스케줄 변경','금일 16시 공연은 17시로 변경되었습니다. 이용에 참고 바랍니다.\n',0,'2025-10-20 15:34:16','2025-10-20 15:34:16','push','all_users','sent','2025-10-20 15:34:16'),
(1922,6,'parade','🔄 공연 스케줄 변경','금일 16시 공연은 17시로 변경되었습니다. 이용에 참고 바랍니다.\n',0,'2025-10-20 15:34:16','2025-10-20 15:34:16','push','all_users','sent','2025-10-20 15:34:16'),
(1923,7,'parade','🔄 공연 스케줄 변경','금일 16시 공연은 17시로 변경되었습니다. 이용에 참고 바랍니다.\n',0,'2025-10-20 15:34:16','2025-10-20 15:34:16','push','all_users','sent','2025-10-20 15:34:16'),
(1924,8,'parade','🔄 공연 스케줄 변경','금일 16시 공연은 17시로 변경되었습니다. 이용에 참고 바랍니다.\n',0,'2025-10-20 15:34:16','2025-10-20 15:34:16','push','all_users','sent','2025-10-20 15:34:16'),
(1925,9,'parade','🔄 공연 스케줄 변경','금일 16시 공연은 17시로 변경되었습니다. 이용에 참고 바랍니다.\n',0,'2025-10-20 15:34:16','2025-10-20 15:34:16','push','all_users','sent','2025-10-20 15:34:16'),
(1926,10,'parade','🔄 공연 스케줄 변경','금일 16시 공연은 17시로 변경되었습니다. 이용에 참고 바랍니다.\n',0,'2025-10-20 15:34:16','2025-10-20 15:34:16','push','all_users','sent','2025-10-20 15:34:16'),
(1927,11,'parade','🔄 공연 스케줄 변경','금일 16시 공연은 17시로 변경되었습니다. 이용에 참고 바랍니다.\n',0,'2025-10-20 15:34:16','2025-10-20 15:34:16','push','all_users','sent','2025-10-20 15:34:16'),
(1928,12,'parade','🔄 공연 스케줄 변경','금일 16시 공연은 17시로 변경되었습니다. 이용에 참고 바랍니다.\n',0,'2025-10-20 15:34:16','2025-10-20 15:34:16','push','all_users','sent','2025-10-20 15:34:16'),
(1929,14,'parade','🔄 공연 스케줄 변경','금일 16시 공연은 17시로 변경되었습니다. 이용에 참고 바랍니다.\n',0,'2025-10-20 15:34:16','2025-10-20 15:34:16','push','all_users','sent','2025-10-20 15:34:16'),
(1930,16,'parade','🔄 공연 스케줄 변경','금일 16시 공연은 17시로 변경되었습니다. 이용에 참고 바랍니다.\n',0,'2025-10-20 15:34:16','2025-10-20 15:34:16','push','all_users','sent','2025-10-20 15:34:16'),
(1931,13,'parade','🔄 공연 스케줄 변경','금일 16시 공연은 17시로 변경되었습니다. 이용에 참고 바랍니다.\n',0,'2025-10-20 15:34:16','2025-10-20 15:34:16','push','all_users','sent','2025-10-20 15:34:16'),
(1932,15,'parade','🔄 공연 스케줄 변경','금일 16시 공연은 17시로 변경되었습니다. 이용에 참고 바랍니다.\n',0,'2025-10-20 15:34:16','2025-10-20 15:34:16','push','all_users','sent','2025-10-20 15:34:16'),
(1933,17,'parade','🔄 공연 스케줄 변경','금일 16시 공연은 17시로 변경되었습니다. 이용에 참고 바랍니다.\n',0,'2025-10-20 15:34:16','2025-10-20 15:34:16','push','all_users','sent','2025-10-20 15:34:16'),
(1934,18,'parade','🔄 공연 스케줄 변경','금일 16시 공연은 17시로 변경되었습니다. 이용에 참고 바랍니다.\n',0,'2025-10-20 15:34:16','2025-10-20 15:34:16','push','all_users','sent','2025-10-20 15:34:16'),
(1935,19,'parade','🔄 공연 스케줄 변경','금일 16시 공연은 17시로 변경되었습니다. 이용에 참고 바랍니다.\n',0,'2025-10-20 15:34:16','2025-10-20 15:34:16','push','all_users','sent','2025-10-20 15:34:16'),
(1936,20,'parade','🔄 공연 스케줄 변경','금일 16시 공연은 17시로 변경되었습니다. 이용에 참고 바랍니다.\n',0,'2025-10-20 15:34:16','2025-10-20 15:34:16','push','all_users','sent','2025-10-20 15:34:16'),
(1937,21,'parade','🔄 공연 스케줄 변경','금일 16시 공연은 17시로 변경되었습니다. 이용에 참고 바랍니다.\n',0,'2025-10-20 15:34:16','2025-10-20 15:34:16','push','all_users','sent','2025-10-20 15:34:16'),
(1938,22,'parade','🔄 공연 스케줄 변경','금일 16시 공연은 17시로 변경되었습니다. 이용에 참고 바랍니다.\n',0,'2025-10-20 15:34:16','2025-10-20 15:34:16','push','all_users','sent','2025-10-20 15:34:16'),
(1939,23,'parade','🔄 공연 스케줄 변경','금일 16시 공연은 17시로 변경되었습니다. 이용에 참고 바랍니다.\n',0,'2025-10-20 15:34:16','2025-10-20 15:34:16','push','all_users','sent','2025-10-20 15:34:16'),
(1940,24,'parade','🔄 공연 스케줄 변경','금일 16시 공연은 17시로 변경되었습니다. 이용에 참고 바랍니다.\n',0,'2025-10-20 15:34:16','2025-10-20 15:34:16','push','all_users','sent','2025-10-20 15:34:16'),
(1941,25,'parade','🔄 공연 스케줄 변경','금일 16시 공연은 17시로 변경되었습니다. 이용에 참고 바랍니다.\n',0,'2025-10-20 15:34:16','2025-10-20 15:34:16','push','all_users','sent','2025-10-20 15:34:16'),
(1942,26,'parade','🔄 공연 스케줄 변경','금일 16시 공연은 17시로 변경되었습니다. 이용에 참고 바랍니다.\n',0,'2025-10-20 15:34:16','2025-10-20 15:34:16','push','all_users','sent','2025-10-20 15:34:16'),
(1943,27,'parade','🔄 공연 스케줄 변경','금일 16시 공연은 17시로 변경되었습니다. 이용에 참고 바랍니다.\n',0,'2025-10-20 15:34:16','2025-10-20 15:34:16','push','all_users','sent','2025-10-20 15:34:16'),
(1944,29,'parade','🔄 공연 스케줄 변경','금일 16시 공연은 17시로 변경되었습니다. 이용에 참고 바랍니다.\n',0,'2025-10-20 15:34:16','2025-10-20 15:34:16','push','all_users','failed','2025-10-20 15:34:16'),
(1945,30,'parade','🔄 공연 스케줄 변경','금일 16시 공연은 17시로 변경되었습니다. 이용에 참고 바랍니다.\n',0,'2025-10-20 15:34:16','2025-10-20 15:34:16','push','all_users','sent','2025-10-20 15:34:16'),
(1946,3,'parade','🎊 오늘 밤 야간 퍼레이드, 준비되셨나요?','금일 야간 퍼레이드는 오후 7시 30분부터 시작됩니다.\n화려한 퍼포먼스를 가까이서 즐기고 싶다면,\n지정 관람 구역으로 미리 이동해주세요!',0,'2025-10-21 06:41:22','2025-10-21 06:41:22','push','all_users','sent','2025-10-21 06:41:22'),
(1947,1,'parade','🎊 오늘 밤 야간 퍼레이드, 준비되셨나요?','금일 야간 퍼레이드는 오후 7시 30분부터 시작됩니다.\n화려한 퍼포먼스를 가까이서 즐기고 싶다면,\n지정 관람 구역으로 미리 이동해주세요!',0,'2025-10-21 06:41:22','2025-10-21 06:41:22','push','all_users','failed','2025-10-21 06:41:22'),
(1948,2,'parade','🎊 오늘 밤 야간 퍼레이드, 준비되셨나요?','금일 야간 퍼레이드는 오후 7시 30분부터 시작됩니다.\n화려한 퍼포먼스를 가까이서 즐기고 싶다면,\n지정 관람 구역으로 미리 이동해주세요!',0,'2025-10-21 06:41:22','2025-10-21 06:41:22','push','all_users','failed','2025-10-21 06:41:22'),
(1949,4,'parade','🎊 오늘 밤 야간 퍼레이드, 준비되셨나요?','금일 야간 퍼레이드는 오후 7시 30분부터 시작됩니다.\n화려한 퍼포먼스를 가까이서 즐기고 싶다면,\n지정 관람 구역으로 미리 이동해주세요!',0,'2025-10-21 06:41:22','2025-10-21 06:41:22','push','all_users','failed','2025-10-21 06:41:22'),
(1950,5,'parade','🎊 오늘 밤 야간 퍼레이드, 준비되셨나요?','금일 야간 퍼레이드는 오후 7시 30분부터 시작됩니다.\n화려한 퍼포먼스를 가까이서 즐기고 싶다면,\n지정 관람 구역으로 미리 이동해주세요!',0,'2025-10-21 06:41:22','2025-10-21 06:41:22','push','all_users','sent','2025-10-21 06:41:22'),
(1951,6,'parade','🎊 오늘 밤 야간 퍼레이드, 준비되셨나요?','금일 야간 퍼레이드는 오후 7시 30분부터 시작됩니다.\n화려한 퍼포먼스를 가까이서 즐기고 싶다면,\n지정 관람 구역으로 미리 이동해주세요!',0,'2025-10-21 06:41:22','2025-10-21 06:41:22','push','all_users','sent','2025-10-21 06:41:22'),
(1952,7,'parade','🎊 오늘 밤 야간 퍼레이드, 준비되셨나요?','금일 야간 퍼레이드는 오후 7시 30분부터 시작됩니다.\n화려한 퍼포먼스를 가까이서 즐기고 싶다면,\n지정 관람 구역으로 미리 이동해주세요!',0,'2025-10-21 06:41:22','2025-10-21 06:41:22','push','all_users','sent','2025-10-21 06:41:22'),
(1953,8,'parade','🎊 오늘 밤 야간 퍼레이드, 준비되셨나요?','금일 야간 퍼레이드는 오후 7시 30분부터 시작됩니다.\n화려한 퍼포먼스를 가까이서 즐기고 싶다면,\n지정 관람 구역으로 미리 이동해주세요!',0,'2025-10-21 06:41:22','2025-10-21 06:41:22','push','all_users','sent','2025-10-21 06:41:22'),
(1954,10,'parade','🎊 오늘 밤 야간 퍼레이드, 준비되셨나요?','금일 야간 퍼레이드는 오후 7시 30분부터 시작됩니다.\n화려한 퍼포먼스를 가까이서 즐기고 싶다면,\n지정 관람 구역으로 미리 이동해주세요!',0,'2025-10-21 06:41:22','2025-10-21 06:41:22','push','all_users','sent','2025-10-21 06:41:22'),
(1955,9,'parade','🎊 오늘 밤 야간 퍼레이드, 준비되셨나요?','금일 야간 퍼레이드는 오후 7시 30분부터 시작됩니다.\n화려한 퍼포먼스를 가까이서 즐기고 싶다면,\n지정 관람 구역으로 미리 이동해주세요!',0,'2025-10-21 06:41:22','2025-10-21 06:41:22','push','all_users','sent','2025-10-21 06:41:22'),
(1956,11,'parade','🎊 오늘 밤 야간 퍼레이드, 준비되셨나요?','금일 야간 퍼레이드는 오후 7시 30분부터 시작됩니다.\n화려한 퍼포먼스를 가까이서 즐기고 싶다면,\n지정 관람 구역으로 미리 이동해주세요!',0,'2025-10-21 06:41:22','2025-10-21 06:41:22','push','all_users','sent','2025-10-21 06:41:22'),
(1957,12,'parade','🎊 오늘 밤 야간 퍼레이드, 준비되셨나요?','금일 야간 퍼레이드는 오후 7시 30분부터 시작됩니다.\n화려한 퍼포먼스를 가까이서 즐기고 싶다면,\n지정 관람 구역으로 미리 이동해주세요!',0,'2025-10-21 06:41:22','2025-10-21 06:41:22','push','all_users','sent','2025-10-21 06:41:22'),
(1958,13,'parade','🎊 오늘 밤 야간 퍼레이드, 준비되셨나요?','금일 야간 퍼레이드는 오후 7시 30분부터 시작됩니다.\n화려한 퍼포먼스를 가까이서 즐기고 싶다면,\n지정 관람 구역으로 미리 이동해주세요!',0,'2025-10-21 06:41:22','2025-10-21 06:41:22','push','all_users','sent','2025-10-21 06:41:22'),
(1959,14,'parade','🎊 오늘 밤 야간 퍼레이드, 준비되셨나요?','금일 야간 퍼레이드는 오후 7시 30분부터 시작됩니다.\n화려한 퍼포먼스를 가까이서 즐기고 싶다면,\n지정 관람 구역으로 미리 이동해주세요!',0,'2025-10-21 06:41:22','2025-10-21 06:41:22','push','all_users','sent','2025-10-21 06:41:22'),
(1960,15,'parade','🎊 오늘 밤 야간 퍼레이드, 준비되셨나요?','금일 야간 퍼레이드는 오후 7시 30분부터 시작됩니다.\n화려한 퍼포먼스를 가까이서 즐기고 싶다면,\n지정 관람 구역으로 미리 이동해주세요!',0,'2025-10-21 06:41:22','2025-10-21 06:41:22','push','all_users','sent','2025-10-21 06:41:22'),
(1961,16,'parade','🎊 오늘 밤 야간 퍼레이드, 준비되셨나요?','금일 야간 퍼레이드는 오후 7시 30분부터 시작됩니다.\n화려한 퍼포먼스를 가까이서 즐기고 싶다면,\n지정 관람 구역으로 미리 이동해주세요!',0,'2025-10-21 06:41:22','2025-10-21 06:41:22','push','all_users','sent','2025-10-21 06:41:22'),
(1962,17,'parade','🎊 오늘 밤 야간 퍼레이드, 준비되셨나요?','금일 야간 퍼레이드는 오후 7시 30분부터 시작됩니다.\n화려한 퍼포먼스를 가까이서 즐기고 싶다면,\n지정 관람 구역으로 미리 이동해주세요!',0,'2025-10-21 06:41:22','2025-10-21 06:41:22','push','all_users','sent','2025-10-21 06:41:22'),
(1963,18,'parade','🎊 오늘 밤 야간 퍼레이드, 준비되셨나요?','금일 야간 퍼레이드는 오후 7시 30분부터 시작됩니다.\n화려한 퍼포먼스를 가까이서 즐기고 싶다면,\n지정 관람 구역으로 미리 이동해주세요!',0,'2025-10-21 06:41:22','2025-10-21 06:41:22','push','all_users','sent','2025-10-21 06:41:22'),
(1964,19,'parade','🎊 오늘 밤 야간 퍼레이드, 준비되셨나요?','금일 야간 퍼레이드는 오후 7시 30분부터 시작됩니다.\n화려한 퍼포먼스를 가까이서 즐기고 싶다면,\n지정 관람 구역으로 미리 이동해주세요!',0,'2025-10-21 06:41:22','2025-10-21 06:41:22','push','all_users','sent','2025-10-21 06:41:22'),
(1965,21,'parade','🎊 오늘 밤 야간 퍼레이드, 준비되셨나요?','금일 야간 퍼레이드는 오후 7시 30분부터 시작됩니다.\n화려한 퍼포먼스를 가까이서 즐기고 싶다면,\n지정 관람 구역으로 미리 이동해주세요!',0,'2025-10-21 06:41:22','2025-10-21 06:41:22','push','all_users','sent','2025-10-21 06:41:22'),
(1966,22,'parade','🎊 오늘 밤 야간 퍼레이드, 준비되셨나요?','금일 야간 퍼레이드는 오후 7시 30분부터 시작됩니다.\n화려한 퍼포먼스를 가까이서 즐기고 싶다면,\n지정 관람 구역으로 미리 이동해주세요!',0,'2025-10-21 06:41:22','2025-10-21 06:41:22','push','all_users','sent','2025-10-21 06:41:22'),
(1967,20,'parade','🎊 오늘 밤 야간 퍼레이드, 준비되셨나요?','금일 야간 퍼레이드는 오후 7시 30분부터 시작됩니다.\n화려한 퍼포먼스를 가까이서 즐기고 싶다면,\n지정 관람 구역으로 미리 이동해주세요!',0,'2025-10-21 06:41:22','2025-10-21 06:41:22','push','all_users','sent','2025-10-21 06:41:22'),
(1968,23,'parade','🎊 오늘 밤 야간 퍼레이드, 준비되셨나요?','금일 야간 퍼레이드는 오후 7시 30분부터 시작됩니다.\n화려한 퍼포먼스를 가까이서 즐기고 싶다면,\n지정 관람 구역으로 미리 이동해주세요!',0,'2025-10-21 06:41:22','2025-10-21 06:41:22','push','all_users','sent','2025-10-21 06:41:22'),
(1969,24,'parade','🎊 오늘 밤 야간 퍼레이드, 준비되셨나요?','금일 야간 퍼레이드는 오후 7시 30분부터 시작됩니다.\n화려한 퍼포먼스를 가까이서 즐기고 싶다면,\n지정 관람 구역으로 미리 이동해주세요!',0,'2025-10-21 06:41:22','2025-10-21 06:41:22','push','all_users','sent','2025-10-21 06:41:22'),
(1970,25,'parade','🎊 오늘 밤 야간 퍼레이드, 준비되셨나요?','금일 야간 퍼레이드는 오후 7시 30분부터 시작됩니다.\n화려한 퍼포먼스를 가까이서 즐기고 싶다면,\n지정 관람 구역으로 미리 이동해주세요!',0,'2025-10-21 06:41:22','2025-10-21 06:41:22','push','all_users','sent','2025-10-21 06:41:22'),
(1971,26,'parade','🎊 오늘 밤 야간 퍼레이드, 준비되셨나요?','금일 야간 퍼레이드는 오후 7시 30분부터 시작됩니다.\n화려한 퍼포먼스를 가까이서 즐기고 싶다면,\n지정 관람 구역으로 미리 이동해주세요!',0,'2025-10-21 06:41:22','2025-10-21 06:41:22','push','all_users','sent','2025-10-21 06:41:22'),
(1972,27,'parade','🎊 오늘 밤 야간 퍼레이드, 준비되셨나요?','금일 야간 퍼레이드는 오후 7시 30분부터 시작됩니다.\n화려한 퍼포먼스를 가까이서 즐기고 싶다면,\n지정 관람 구역으로 미리 이동해주세요!',0,'2025-10-21 06:41:22','2025-10-21 06:41:22','push','all_users','sent','2025-10-21 06:41:22'),
(1973,29,'parade','🎊 오늘 밤 야간 퍼레이드, 준비되셨나요?','금일 야간 퍼레이드는 오후 7시 30분부터 시작됩니다.\n화려한 퍼포먼스를 가까이서 즐기고 싶다면,\n지정 관람 구역으로 미리 이동해주세요!',0,'2025-10-21 06:41:22','2025-10-21 06:41:22','push','all_users','failed','2025-10-21 06:41:22'),
(1974,30,'parade','🎊 오늘 밤 야간 퍼레이드, 준비되셨나요?','금일 야간 퍼레이드는 오후 7시 30분부터 시작됩니다.\n화려한 퍼포먼스를 가까이서 즐기고 싶다면,\n지정 관람 구역으로 미리 이동해주세요!',0,'2025-10-21 06:41:22','2025-10-21 06:41:22','push','all_users','sent','2025-10-21 06:41:22');
/*!40000 ALTER TABLE `Notifications` ENABLE KEYS */;
UNLOCK TABLES;

--
-- Table structure for table `Orders`
--

DROP TABLE IF EXISTS `Orders`;
/*!40101 SET @saved_cs_client     = @@character_set_client */;
/*!40101 SET character_set_client = utf8mb4 */;
CREATE TABLE `Orders` (
  `id` int(11) NOT NULL AUTO_INCREMENT,
  `userId` int(11) NOT NULL,
  `ticketId` int(11) NOT NULL,
  `visitDate` varchar(255) NOT NULL,
  `optionName` varchar(255) NOT NULL,
  `price` int(11) NOT NULL,
  `payMethod` varchar(255) NOT NULL,
  `quantity` int(11) NOT NULL,
  `counts` longtext CHARACTER SET utf8mb4 COLLATE utf8mb4_bin NOT NULL CHECK (json_valid(`counts`)),
  `buyerName` varchar(255) DEFAULT NULL,
  `buyerEmail` varchar(255) DEFAULT NULL,
  `buyerPhone` varchar(255) DEFAULT NULL,
  `visitorName` varchar(255) DEFAULT NULL,
  `visitorEmail` varchar(255) DEFAULT NULL,
  `visitorPhone` varchar(255) DEFAULT NULL,
  `createdAt` datetime NOT NULL DEFAULT current_timestamp(),
  `updatedAt` datetime NOT NULL DEFAULT current_timestamp(),
  `status` varchar(50) DEFAULT '예매완료',
  `bookingNo` varchar(16) NOT NULL,
  `orderNo` varchar(16) NOT NULL,
  PRIMARY KEY (`id`),
  UNIQUE KEY `bookingNo` (`bookingNo`),
  UNIQUE KEY `orderNo` (`orderNo`)
) ENGINE=InnoDB AUTO_INCREMENT=110 DEFAULT CHARSET=utf8mb4 COLLATE=utf8mb4_general_ci;
/*!40101 SET character_set_client = @saved_cs_client */;

--
-- Dumping data for table `Orders`
--

LOCK TABLES `Orders` WRITE;
/*!40000 ALTER TABLE `Orders` DISABLE KEYS */;
INSERT INTO `Orders` VALUES
(40,1,1,'2025-09-21','1DAY 종합이용권',64000,'삼성카드',2,'\"{\\\"adult\\\":2,\\\"teen\\\":0,\\\"child\\\":0}\"','임형근','lhg010115@gmail.com','01041685269','임형근','lhg010115@gmail.com','01041685269','2025-09-17 07:53:27','2025-09-27 08:42:27','취소완료','1059803615675495','btI7vCwgy2M6J5C3'),
(41,1,1,'2025-09-26','After 4 오후권',26000,'삼성카드',1,'\"{\\\"adult\\\":1,\\\"teen\\\":0,\\\"child\\\":0}\"','임형근','lhg010115@gmail.com','01041685269','임형근','lhg010115@gmail.com','01041685269','2025-09-17 07:53:47','2025-09-27 08:42:32','취소완료','8922721506341168','HfzyVD782bhI4e6v'),
(42,2,1,'2025-09-23','1DAY 종합이용권',32000,'삼성카드',1,'\"{\\\"adult\\\":1,\\\"teen\\\":0,\\\"child\\\":0}\"','임동생근','admin@gmail.com','01012345678','임동생근','admin@gmail.com','01012345678','2025-09-17 07:54:22','2025-09-24 15:00:00','사용불가','1347874693834693','r7AR9fYaUOSepBjz'),
(43,4,1,'2025-09-17','After 4 오후권',26000,'삼성카드',1,'\"{\\\"adult\\\":1,\\\"teen\\\":0,\\\"child\\\":0}\"','임득근','1234@gmail.com','01005054568','임득근','1234@gmail.com','01005054568','2025-09-17 08:24:20','2025-09-17 08:26:13','사용완료','9270028255534288','xbgaMuMmyrhH7G9P'),
(44,3,1,'2025-09-18','1DAY 종합이용권',32000,'삼성카드',1,'\"{\\\"adult\\\":1,\\\"teen\\\":0,\\\"child\\\":0}\"','김서원','abc@gmail.com','01011111111','김서원','abc@gmail.com','01011111111','2025-09-17 08:25:16','2025-09-23 05:06:00','사용불가','4240392007930239','lz0fNhoYpAM87Yjl'),
(45,3,1,'2025-09-18','1DAY 종합이용권',32000,'삼성카드',1,'\"{\\\"adult\\\":1,\\\"teen\\\":0,\\\"child\\\":0}\"','김서원','abc@gmail.com','01011111111','김서원','abc@gmail.com','01011111111','2025-09-17 08:25:16','2025-09-23 05:06:00','사용불가','8468928552207322','nB0Nwr69KLxxRj1w'),
(46,3,1,'2025-09-23','After 4 오후권',52000,'삼성카드',2,'\"{\\\"adult\\\":2,\\\"teen\\\":0,\\\"child\\\":0}\"','김서원','abc@gmail.com','01011111111','김서원','abc@gmail.com','01011111111','2025-09-17 08:25:34','2025-09-23 07:40:50','사용완료','2018103037807899','5k6F1HP9zfD8zWax'),
(47,2,1,'2025-09-20','1DAY 종합이용권',64000,'삼성카드',2,'\"{\\\"adult\\\":2,\\\"teen\\\":0,\\\"child\\\":0}\"','','','','','','','2025-09-20 11:00:36','2025-09-23 05:06:00','사용불가','4678190728126932','LYA9aRlkX2P8Nn1p'),
(48,5,1,'2025-09-21','1DAY 종합이용권',64000,'삼성카드',2,'\"{\\\"adult\\\":2,\\\"teen\\\":0,\\\"child\\\":0}\"','홍길동','bot1@gmail.com','0104564689','홍길동','bot1@gmail.com','0104564689','2025-09-21 14:10:06','2025-09-23 05:06:00','사용불가','3432961497409302','P3VgrlBL2997Zp93'),
(49,5,6,'2025-09-27','카카오페이(1 DAY)',39040,'카카오페이',1,'\"{\\\"adult\\\":1,\\\"teen\\\":0,\\\"child\\\":0}\"','홍길동','bot1@gmail.com','0104564689','홍길동','bot1@gmail.com','0104564689','2025-09-23 04:37:38','2025-09-29 15:00:00','사용불가','3409101957165189','wrd0ThtdtRLgfQ0Y'),
(50,1,6,'2025-09-29','카카오페이(1 DAY)',102480,'카카오페이',3,'\"{\\\"adult\\\":1,\\\"teen\\\":1,\\\"child\\\":1}\"','임형근','lhg010115@gmail.com','01041685269','임형근','lhg010115@gmail.com','01041685269','2025-09-23 05:10:11','2025-09-26 07:35:05','취소완료','9557403810411535','FBJiAqM2koHgiiEt'),
(51,2,6,'2025-09-29','카카오페이(AFTER4)',54290,'카카오페이',2,'\"{\\\"adult\\\":1,\\\"teen\\\":0,\\\"child\\\":1}\"','임동생근','admin@gmail.com','01012345678','임동생근','admin@gmail.com','01012345678','2025-09-23 07:26:02','2025-09-30 15:00:00','사용불가','9452927628388489','2Dvbaf4w8254duHJ'),
(52,1,1,'2025-09-23','1DAY 종합이용권',32000,'삼성카드',1,'\"{\\\"adult\\\":1,\\\"teen\\\":0,\\\"child\\\":0}\"','임형근','lhg010115@gmail.com','01041685269','임형근','lhg010115@gmail.com','01041685269','2025-09-23 07:38:26','2025-09-23 07:40:44','사용완료','1396690877314525','Zx3xHjYcoEzVda3c'),
(53,1,6,'2025-09-26','카카오페이(1 DAY)',34160,'카카오페이',1,'\"{\\\"adult\\\":0,\\\"teen\\\":1,\\\"child\\\":0}\"','임형근','lhg010115@gmail.com','01041685269','임형근','lhg010115@gmail.com','01041685269','2025-09-26 07:35:20','2025-09-27 08:42:30','취소완료','5906340347689034','fdEG3PLBR5i33Odp'),
(54,1,6,'2025-09-27','카카오페이(AFTER4)',81740,'카카오페이',3,'\"{\\\"adult\\\":1,\\\"teen\\\":1,\\\"child\\\":1}\"','임형근','lhg010115@gmail.com','01041685269','임형근','lhg010115@gmail.com','01041685269','2025-09-27 08:20:37','2025-09-27 08:41:58','사용완료','0186003120913959','98dOT2zZaAByC6w3'),
(55,1,6,'2025-09-27','카카오페이(AFTER4)',81740,'카카오페이',3,'\"{\\\"adult\\\":1,\\\"teen\\\":1,\\\"child\\\":1}\"','임형근','lhg010115@gmail.com','01041685269','임형근','lhg010115@gmail.com','01041685269','2025-09-27 08:20:38','2025-09-27 08:41:42','취소완료','9049132593469877','9rYJfZuXBWtD7Aj4'),
(56,1,6,'2025-09-27','카카오페이(AFTER4)',81740,'카카오페이',3,'\"{\\\"adult\\\":1,\\\"teen\\\":1,\\\"child\\\":1}\"','임형근','lhg010115@gmail.com','01041685269','임형근','lhg010115@gmail.com','01041685269','2025-09-27 08:20:38','2025-09-27 08:41:45','취소완료','3251034917467437','dnjiI6WSzQvPxiSE'),
(57,1,6,'2025-09-27','카카오페이(AFTER4)',81740,'카카오페이',3,'\"{\\\"adult\\\":1,\\\"teen\\\":1,\\\"child\\\":1}\"','임형근','lhg010115@gmail.com','01041685269','임형근','lhg010115@gmail.com','01041685269','2025-09-27 08:20:38','2025-09-27 08:41:56','사용완료','4001144282140006','coC0n7wEtXz9rZ11'),
(58,1,6,'2025-09-27','카카오페이(AFTER4)',81740,'카카오페이',3,'\"{\\\"adult\\\":1,\\\"teen\\\":1,\\\"child\\\":1}\"','임형근','lhg010115@gmail.com','01041685269','임형근','lhg010115@gmail.com','01041685269','2025-09-27 08:20:39','2025-09-27 08:41:39','취소완료','2796136976680672','NTF9PfhYrtSSoPu7'),
(59,1,6,'2025-09-27','카카오페이(AFTER4)',81740,'카카오페이',3,'\"{\\\"adult\\\":1,\\\"teen\\\":1,\\\"child\\\":1}\"','임형근','lhg010115@gmail.com','01041685269','임형근','lhg010115@gmail.com','01041685269','2025-09-27 08:20:46','2025-09-27 08:41:36','취소완료','5047561159061615','LmQW58HWWqIWwsKg'),
(60,1,6,'2025-09-27','카카오페이(AFTER4)',81740,'카카오페이',3,'\"{\\\"adult\\\":1,\\\"teen\\\":1,\\\"child\\\":1}\"','임형근','lhg010115@gmail.com','01041685269','임형근','lhg010115@gmail.com','01041685269','2025-09-27 08:20:47','2025-09-27 08:41:23','취소완료','0311830900513688','lgpoGBjevRyH2H2Y'),
(61,1,6,'2025-09-27','카카오페이(AFTER4)',81740,'카카오페이',3,'\"{\\\"adult\\\":1,\\\"teen\\\":1,\\\"child\\\":1}\"','임형근','lhg010115@gmail.com','01041685269','임형근','lhg010115@gmail.com','01041685269','2025-09-27 08:20:47','2025-09-27 08:41:33','취소완료','4609963009787979','UCzX0LDJx8KO2dnw'),
(62,1,6,'2025-09-27','카카오페이(AFTER4)',81740,'카카오페이',3,'\"{\\\"adult\\\":1,\\\"teen\\\":1,\\\"child\\\":1}\"','임형근','lhg010115@gmail.com','01041685269','임형근','lhg010115@gmail.com','01041685269','2025-09-27 08:20:56','2025-09-27 08:41:51','사용완료','4409024553143933','UfHo7wR6X4wYUQ8Y'),
(63,1,6,'2025-09-27','카카오페이(AFTER4)',81740,'카카오페이',3,'\"{\\\"adult\\\":1,\\\"teen\\\":1,\\\"child\\\":1}\"','임형근','lhg010115@gmail.com','01041685269','임형근','lhg010115@gmail.com','01041685269','2025-09-27 08:20:57','2025-10-06 09:06:22','취소완료','0367619210674247','yqhAvurHQ7aK5rUU'),
(64,1,6,'2025-09-27','카카오페이(AFTER4)',81740,'카카오페이',3,'\"{\\\"adult\\\":1,\\\"teen\\\":1,\\\"child\\\":1}\"','임형근','lhg010115@gmail.com','01041685269','임형근','lhg010115@gmail.com','01041685269','2025-09-27 08:20:57','2025-09-27 08:41:18','취소완료','8727612128213812','UzBJ9nIaMznzk0v4'),
(65,1,6,'2025-10-02','카카오페이(AFTER4)',163480,'카카오페이',6,'\"{\\\"adult\\\":2,\\\"teen\\\":2,\\\"child\\\":2}\"','임형근','lhg010115@gmail.com','01041685269','임형근','lhg010115@gmail.com','01041685269','2025-09-27 08:32:55','2025-10-06 15:00:00','사용불가','5789591332319554','kE3m1hLe4HtEHEKi'),
(66,15,1,'2025-10-04','1DAY 종합이용권',64000,'삼성카드',2,'\"{\\\"adult\\\":2,\\\"teen\\\":0,\\\"child\\\":0}\"','허선범','sb9757@naver.com','01064299757','허선범','sb9757@naver.com','01064299757','2025-09-29 13:46:05','2025-10-06 15:00:00','사용불가','1763606696425626','Z7rxzqC9kZUCZfLS'),
(67,15,6,'2025-10-06','카카오페이(1 DAY)',131760,'카카오페이',4,'\"{\\\"adult\\\":1,\\\"teen\\\":1,\\\"child\\\":2}\"','허선범','sb9757@naver.com','01064299757','허선범','sb9757@naver.com','01064299757','2025-09-30 06:17:50','2025-10-11 15:00:00','사용불가','2777969146175125','FlHiPNdhuecE4hFa'),
(68,15,1,'2025-09-30','1DAY 종합이용권',32000,'삼성카드',1,'\"{\\\"adult\\\":1,\\\"teen\\\":0,\\\"child\\\":0}\"','허선범','sb9757@naver.com','01064299757','허선범','sb9757@naver.com','01064299757','2025-09-30 06:58:35','2025-10-01 07:18:34','취소완료','2364672897013551','7TdrEE6Qa59gTbzX'),
(69,4,1,'2025-09-30','After 4 오후권',26000,'삼성카드',1,'\"{\\\"adult\\\":1,\\\"teen\\\":0,\\\"child\\\":0}\"','임득근','1234@gmail.com','01005054568','임득근','1234@gmail.com','01005054568','2025-09-30 09:33:20','2025-09-30 09:33:35','사용완료','4460547674539152','AHPHQxz5CyGhejLC'),
(70,5,6,'2025-10-01','카카오페이(1 DAY)',204960,'카카오페이',6,'\"{\\\"adult\\\":2,\\\"teen\\\":2,\\\"child\\\":2}\"','','','','','','','2025-10-01 05:52:46','2025-10-01 05:53:17','사용완료','1017442476845594','yxAIgOFIOmiqIBGL'),
(71,5,1,'2025-10-06','1DAY 종합이용권',64000,'삼성카드',2,'\"{\\\"adult\\\":2,\\\"teen\\\":0,\\\"child\\\":0}\"','홍길동','bot1@gmail.com','0104564689','홍길동','bot1@gmail.com','0104564689','2025-10-01 05:53:09','2025-10-11 15:00:00','사용불가','2847501129007238','agTDj3GmbtfkcU9w'),
(72,11,6,'2025-10-01','카카오페이(AFTER4)',158600,'카카오페이',6,'\"{\\\"adult\\\":2,\\\"teen\\\":1,\\\"child\\\":3}\"','김사람','people@naver.com','01029313939','김사람','people@naver.com','01029313939','2025-10-01 05:54:36','2025-10-01 05:54:47','사용완료','4769360797153327','fJrmuhNHpjXMvKc3'),
(73,1,1,'2025-10-12','1DAY 종합이용권',32000,'삼성카드',1,'\"{\\\"adult\\\":1,\\\"teen\\\":0,\\\"child\\\":0}\"','임형근','lhg010115@gmail.com','01041685269','임형근','lhg010115@gmail.com','01041685269','2025-10-06 09:04:30','2025-10-13 15:00:00','사용불가','0248251913725739','Ulw4AUnL7NIhDfAe'),
(74,15,1,'2025-10-06','1DAY 종합이용권',32000,'삼성카드',1,'\"{\\\"adult\\\":1,\\\"teen\\\":0,\\\"child\\\":0}\"','허선범','sb9757@naver.com','01064299757','허선범','sb9757@naver.com','01064299757','2025-10-06 09:04:37','2025-10-11 15:00:00','사용불가','0669172071622984','BeyCnNjMpXJeBdov'),
(76,26,6,'2025-10-13','카카오페이(1 DAY)',107360,'카카오페이',3,'\"{\\\"adult\\\":1,\\\"teen\\\":2,\\\"child\\\":0}\"','임채린','chelin65@naver.com','01056952431','임채린','chelin65@naver.com','01056952431','2025-10-07 03:55:05','2025-10-14 15:00:00','사용불가','8594508575550626','jI4lGStEE6bfYbFu'),
(80,13,1,'2025-10-12','1DAY 종합이용권',32000,'삼성카드',1,'\"{\\\"adult\\\":1,\\\"teen\\\":0,\\\"child\\\":0}\"','임형근','hung5269@naver.com','01014848978','임형근','hung5269@naver.com','01014848978','2025-10-07 10:38:47','2025-10-13 15:00:00','사용불가','9390886941994719','CTd1kATXBDVRULlq'),
(81,13,1,'2025-10-12','1DAY 종합이용권',32000,'삼성카드',1,'\"{\\\"adult\\\":1,\\\"teen\\\":0,\\\"child\\\":0}\"','임형근','hung5269@naver.com','01014848978','임형근','hung5269@naver.com','01014848978','2025-10-07 10:40:32','2025-10-13 15:00:00','사용불가','1136183390754825','1s9oYUGYrn7O50xB'),
(82,13,1,'2025-10-12','1DAY 종합이용권',32000,'삼성카드',1,'\"{\\\"adult\\\":1,\\\"teen\\\":0,\\\"child\\\":0}\"','임형근','hung5269@naver.com','01014848978','임형근','hung5269@naver.com','01014848978','2025-10-07 10:40:46','2025-10-13 15:00:00','사용불가','9583312110991425','DTo6n70eQow705F6'),
(83,13,1,'2025-10-12','1DAY 종합이용권',32000,'삼성카드',1,'\"{\\\"adult\\\":1,\\\"teen\\\":0,\\\"child\\\":0}\"','임형근','hung5269@naver.com','01014848978','임형근','hung5269@naver.com','01014848978','2025-10-07 10:44:50','2025-10-13 15:00:00','사용불가','6631448472498057','fBqmadlqPPNTL7eA'),
(84,13,1,'2025-10-08','1DAY 종합이용권',32000,'삼성카드',1,'\"{\\\"adult\\\":1,\\\"teen\\\":0,\\\"child\\\":0}\"','임형근','hung5269@naver.com','01014848978','임형근','hung5269@naver.com','01014848978','2025-10-08 03:02:03','2025-10-11 15:00:00','사용불가','5810836544408107','R4A1SyaqrnmOC8qL'),
(85,13,1,'2025-10-08','1DAY 종합이용권',32000,'삼성카드',1,'\"{\\\"adult\\\":1,\\\"teen\\\":0,\\\"child\\\":0}\"','임형근','hung5269@naver.com','01014848978','임형근','hung5269@naver.com','01014848978','2025-10-08 03:10:20','2025-10-11 15:00:00','사용불가','1254163233393211','OwkY7cDGrn8GAs7o'),
(87,13,1,'2025-10-13','After 4 오후권',52000,'삼성카드',2,'\"{\\\"adult\\\":2,\\\"teen\\\":0,\\\"child\\\":0}\"','임형근','hung5269@naver.com','01014848978','임형근','hung5269@naver.com','01014848978','2025-10-08 03:31:32','2025-10-14 15:00:00','사용불가','0868050548541035','GXCEkT9ham7hwKFe'),
(88,13,1,'2025-10-13','After 4 오후권',52000,'삼성카드',2,'\"{\\\"adult\\\":2,\\\"teen\\\":0,\\\"child\\\":0}\"','임형근','hung5269@naver.com','01014848978','임형근','hung5269@naver.com','01014848978','2025-10-08 03:31:34','2025-10-14 15:00:00','사용불가','0516912005169701','HOjdcrYpRChDAuGO'),
(89,13,1,'2025-10-13','After 4 오후권',52000,'삼성카드',2,'\"{\\\"adult\\\":2,\\\"teen\\\":0,\\\"child\\\":0}\"','임형근','hung5269@naver.com','01014848978','임형근','hung5269@naver.com','01014848978','2025-10-08 03:31:35','2025-10-14 15:00:00','사용불가','6795162583122258','LkZig3BFNaV4SPjX'),
(90,13,1,'2025-10-13','After 4 오후권',52000,'삼성카드',2,'\"{\\\"adult\\\":2,\\\"teen\\\":0,\\\"child\\\":0}\"','임형근','hung5269@naver.com','01014848978','임형근','hung5269@naver.com','01014848978','2025-10-08 03:33:50','2025-10-14 15:00:00','사용불가','7877179946714685','Fq7Iz66iuS3teE12'),
(91,13,1,'2025-10-13','1DAY 종합이용권',32000,'삼성카드',1,'\"{\\\"adult\\\":1,\\\"teen\\\":0,\\\"child\\\":0}\"','임형근','hung5269@naver.com','01014848978','임형근','hung5269@naver.com','01014848978','2025-10-08 03:34:08','2025-10-14 15:00:00','사용불가','5666061310619487','lYrBXGNsuxbrTv37'),
(99,13,1,'2025-10-08','After 4 오후권',26000,'삼성카드',1,'\"{\\\"adult\\\":1,\\\"teen\\\":0,\\\"child\\\":0}\"','임형근','hung5269@naver.com','01014848978','임형근','hung5269@naver.com','01014848978','2025-10-08 06:38:44','2025-10-11 15:00:00','사용불가','4245188816476071','vXPtkjNoUj9J9ffk'),
(100,13,6,'2025-10-08','카카오페이(1 DAY)',73200,'카카오페이',2,'\"{\\\"adult\\\":1,\\\"teen\\\":1,\\\"child\\\":0}\"','임형근','hung5269@naver.com','01014848978','임형근','hung5269@naver.com','01014848978','2025-10-08 06:39:21','2025-10-20 15:56:59','사용완료','8377605483901516','MfxZDxW1soj2Afcp'),
(101,13,1,'2025-10-14','1DAY 종합이용권',32000,'삼성카드',1,'\"{\\\"adult\\\":1,\\\"teen\\\":0,\\\"child\\\":0}\"','임형근','hung5269@naver.com','01014848978','임형근','hung5269@naver.com','01014848978','2025-10-08 06:41:54','2025-10-20 15:57:02','사용완료','2965394571560967','Gr63OBcpCg5AVRRZ'),
(102,13,1,'2025-10-11','After 4 오후권',26000,'삼성카드',1,'\"{\\\"adult\\\":1,\\\"teen\\\":0,\\\"child\\\":0}\"','임형근','hung5269@naver.com','01014848978','임형근','hung5269@naver.com','01014848978','2025-10-08 06:43:43','2025-10-20 15:56:40','사용완료','0768953162383944','aen564g1Cnp8dKmE'),
(103,13,6,'2025-10-12','카카오페이(AFTER4)',63440,'카카오페이',2,'\"{\\\"adult\\\":2,\\\"teen\\\":0,\\\"child\\\":0}\"','임형근','hung5269@naver.com','01014848978','임형근','hung5269@naver.com','01014848978','2025-10-08 10:53:37','2025-10-20 15:56:56','사용완료','5219485329394368','zflOXqSaa2ZswQjx'),
(104,2,1,'2025-10-11','1DAY 종합이용권',32000,'삼성카드',1,'\"{\\\"adult\\\":1,\\\"teen\\\":0,\\\"child\\\":0}\"','임동생근','admin@gmail.com','01012345678','임동생근','admin@gmail.com','01012345678','2025-10-08 10:55:01','2025-10-20 15:56:44','사용완료','6005649571264860','yTYHSsS0GCdAQHOz'),
(105,29,6,'2025-10-15','카카오페이(1 DAY)',78080,'카카오페이',2,'\"{\\\"adult\\\":2,\\\"teen\\\":0,\\\"child\\\":0}\"','박주희','juhui0512@kakao.com','01093663431','박주희','juhui0512@kakao.com','01093663431','2025-10-09 10:04:29','2025-10-20 15:56:47','사용완료','6146841059113905','gM4WbmhFTJH5DEzn'),
(106,13,1,'2025-10-10','1DAY 종합이용권',32000,'삼성카드',1,'\"{\\\"adult\\\":1,\\\"teen\\\":0,\\\"child\\\":0}\"','임형근','hung5269@naver.com','01014848978','임형근','hung5269@naver.com','01014848978','2025-10-10 07:10:25','2025-10-20 15:56:49','취소완료','1103706536342211','9dM539HR5th1AU4G'),
(107,1,1,'2025-10-18','1DAY 종합이용권',32000,'삼성카드',1,'\"{\\\"adult\\\":1,\\\"teen\\\":0,\\\"child\\\":0}\"','임형근','lhg010115@gmail.com','01041685269','임형근','lhg010115@gmail.com','01041685269','2025-10-13 01:32:19','2025-10-20 15:56:52','사용완료','9974452303392297','wsSZ7KBaTpWP100k'),
(108,13,6,'2025-10-20','카카오페이(1 DAY)',331840,'카카오페이',10,'\"{\\\"adult\\\":2,\\\"teen\\\":4,\\\"child\\\":4}\"','임형근','hung5269@naver.com','01014848978','임형근','hung5269@naver.com','01014848978','2025-10-20 15:28:46','2025-10-20 15:29:12','사용완료','9292550068366604','hrOjbCDWs6wskAiu'),
(109,1,6,'2025-10-21','카카오페이(1 DAY)',39040,'카카오페이',1,'\"{\\\"adult\\\":1,\\\"teen\\\":0,\\\"child\\\":0}\"','임형근','lhg010115@gmail.com','01041685269','임형근','lhg010115@gmail.com','01041685269','2025-10-21 07:13:57','2025-10-24 15:00:00','사용불가','0314283872510775','S6r3dggHq5EklYNa');
/*!40000 ALTER TABLE `Orders` ENABLE KEYS */;
UNLOCK TABLES;

--
-- Table structure for table `SequelizeMeta`
--

DROP TABLE IF EXISTS `SequelizeMeta`;
/*!40101 SET @saved_cs_client     = @@character_set_client */;
/*!40101 SET character_set_client = utf8mb4 */;
CREATE TABLE `SequelizeMeta` (
  `name` varchar(255) NOT NULL,
  PRIMARY KEY (`name`),
  UNIQUE KEY `name` (`name`)
) ENGINE=InnoDB DEFAULT CHARSET=utf8mb3 COLLATE=utf8mb3_unicode_ci;
/*!40101 SET character_set_client = @saved_cs_client */;

--
-- Dumping data for table `SequelizeMeta`
--

LOCK TABLES `SequelizeMeta` WRITE;
/*!40000 ALTER TABLE `SequelizeMeta` DISABLE KEYS */;
INSERT INTO `SequelizeMeta` VALUES
('20250904054605-create-ticket.js'),
('20250904055738-create-user.js'),
('20250905025012-create-ticket.js'),
('20250908061414-add-image-to-tickets.js'),
('20250908072304-create-ticket-benefit.js'),
('20250908074244-change-category-to-string.js'),
('20250908080149-create-benefit-options.js'),
('20250908083709-create-card-benefit-groups.js'),
('20250909073337-add-maxcount-to-card-benefit-options.js'),
('20250909120035-create-order.js'),
('20250909123414-add-fields-to-order.js'),
('20250909132433-rename-paymentMethod-to-payMethod.js'),
('20250915052712-add-status-grade-isAdmin-to-user.js'),
('20250915064915-add-last-login-to-users.js'),
('20250916150000-create-notification.js'),
('20250919070148-create-benefit-options.js'),
('20250919074206-remove-basePrice-discountPercent.js'),
('20250919074325-make-basePrice-discountPercent-nullable.js'),
('20250919074338-remove-basePrice-discountPercent.js'),
('20250920113101-add-category-to-card-benefit-group.js'),
('20250923103810-create-maintenance.js'),
('20250924014210-add-reason-to-maintenance.js'),
('20250925071051-add-fields-to-notification.js'),
('20250927065137-update-notification-type-enum.js'),
('20250930082047-add-fcm-token-to-users.js'),
('20250930084042-add-fcmToken-to-users.js'),
('20250930084048-add-fcmToken-to-users.js'),
('20250930084200-add-fcmToken-to-users.js'),
('20251020070200-create-admin-users.js'),
('20251020074443-create-admin-users.js');
/*!40000 ALTER TABLE `SequelizeMeta` ENABLE KEYS */;
UNLOCK TABLES;

--
-- Table structure for table `TicketBenefits`
--

DROP TABLE IF EXISTS `TicketBenefits`;
/*!40101 SET @saved_cs_client     = @@character_set_client */;
/*!40101 SET character_set_client = utf8mb4 */;
CREATE TABLE `TicketBenefits` (
  `id` int(11) NOT NULL AUTO_INCREMENT,
  `ticketId` int(11) NOT NULL,
  `category` varchar(50) NOT NULL,
  `description` text NOT NULL,
  `createdAt` datetime NOT NULL,
  `updatedAt` datetime NOT NULL,
  PRIMARY KEY (`id`)
) ENGINE=InnoDB DEFAULT CHARSET=utf8mb4 COLLATE=utf8mb4_general_ci;
/*!40101 SET character_set_client = @saved_cs_client */;

--
-- Dumping data for table `TicketBenefits`
--

LOCK TABLES `TicketBenefits` WRITE;
/*!40000 ALTER TABLE `TicketBenefits` DISABLE KEYS */;
/*!40000 ALTER TABLE `TicketBenefits` ENABLE KEYS */;
UNLOCK TABLES;

--
-- Table structure for table `Tickets`
--

DROP TABLE IF EXISTS `Tickets`;
/*!40101 SET @saved_cs_client     = @@character_set_client */;
/*!40101 SET character_set_client = utf8mb4 */;
CREATE TABLE `Tickets` (
  `id` int(11) NOT NULL AUTO_INCREMENT,
  `title` varchar(255) DEFAULT NULL,
  `description` varchar(255) DEFAULT NULL,
  `price` varchar(255) DEFAULT NULL,
  `category` varchar(255) DEFAULT NULL,
  `createdAt` datetime NOT NULL,
  `updatedAt` datetime NOT NULL,
  `image` varchar(255) DEFAULT NULL,
  PRIMARY KEY (`id`)
) ENGINE=InnoDB AUTO_INCREMENT=10 DEFAULT CHARSET=utf8mb4 COLLATE=utf8mb4_general_ci;
/*!40101 SET character_set_client = @saved_cs_client */;

--
-- Dumping data for table `Tickets`
--

LOCK TABLES `Tickets` WRITE;
/*!40000 ALTER TABLE `Tickets` DISABLE KEYS */;
INSERT INTO `Tickets` VALUES
(1,'롯데월드카드 전용','본인 + 동반 1인 50%','₩26,000 ~','제휴 할인','2025-09-08 06:35:35','2025-09-08 06:35:35','1757313335555.png'),
(2,'삼성카드 전 회원 프로모션','본인 + 동반 1인 45%','₩28,600 ~','제휴 할인','2025-09-08 06:35:59','2025-09-08 06:35:59','1757313359852.png'),
(3,'포켓몬 패키지','포켓몬 코스프레 PKG','₩45,000 ~','이달의 할인','2025-09-08 06:36:40','2025-09-08 06:36:40','1757313400510.png'),
(4,'1일권(9월)','제휴카드 50%','₩31,000 ~','제휴 할인','2025-09-08 06:37:10','2025-09-08 06:37:10','1757313430084.png'),
(5,'AFTER4(16시이후)_(9월)','제휴카드 50%','₩25,000 ~','제휴 할인','2025-09-08 06:37:27','2025-09-08 06:37:27','1757313447018.png'),
(6,'카카오페이와 함께하는 여름이었다','카카오페이(1 DAY)','₩36,500 ~','이달의 할인','2025-09-08 06:38:05','2025-09-08 06:38:05','1757313485174.png'),
(7,'쿠팡와우카드와 함께 혜택이 팡팡','쿠팡 와우카드 전용','₩32,750 ~','제휴 할인','2025-09-08 06:38:39','2025-09-08 06:38:39','1757313519993.png'),
(8,'매직패스프리미엄 5회권','매직패스프리미엄 5회','₩54,000 ~','매직패스','2025-09-08 06:39:02','2025-09-08 06:39:02','1757313542227.png'),
(9,'매직패스프리미엄 7회권','매직패스프리미엄 7회','₩75,000 ~','매직패스','2025-09-08 06:39:16','2025-09-08 06:39:16','1757313556750.png');
/*!40000 ALTER TABLE `Tickets` ENABLE KEYS */;
UNLOCK TABLES;

--
-- Table structure for table `Users`
--

DROP TABLE IF EXISTS `Users`;
/*!40101 SET @saved_cs_client     = @@character_set_client */;
/*!40101 SET character_set_client = utf8mb4 */;
CREATE TABLE `Users` (
  `id` int(11) NOT NULL AUTO_INCREMENT,
  `email` varchar(255) NOT NULL,
  `password` varchar(255) NOT NULL,
  `name` varchar(255) NOT NULL,
  `phone` varchar(255) NOT NULL,
  `createdAt` datetime NOT NULL,
  `updatedAt` datetime NOT NULL,
  `status` varchar(255) NOT NULL DEFAULT 'active',
  `grade` varchar(255) NOT NULL DEFAULT '일반회원',
  `isAdmin` tinyint(1) NOT NULL DEFAULT 0,
  `lastLogin` datetime DEFAULT NULL,
  `fcmToken` varchar(255) DEFAULT NULL,
  PRIMARY KEY (`id`),
  UNIQUE KEY `email` (`email`)
) ENGINE=InnoDB AUTO_INCREMENT=31 DEFAULT CHARSET=utf8mb4 COLLATE=utf8mb4_general_ci;
/*!40101 SET character_set_client = @saved_cs_client */;

--
-- Dumping data for table `Users`
--

LOCK TABLES `Users` WRITE;
/*!40000 ALTER TABLE `Users` DISABLE KEYS */;
INSERT INTO `Users` VALUES
(1,'lhg010115@gmail.com','$2b$10$Ywiq4iHvPD2btrCamSeGauraRKzvH9MfY9bAdNmGW/sHCxj7VvUAq','임형근','01041685269','2025-09-05 02:32:17','2025-10-21 06:15:58','active','VIP',1,'2025-10-21 06:15:58','dYhzuPQQT2aZNBhcg3GuqB:APA91bGrOGvrNpKxuY8zfdsikTN6cC3nQ2KrWjUNw6TlaJwNwsA_MDRla0pfwrqAAExwOdJ4dK4y44oQ-6dHDg05LdWjwnlNCTbOtNyUAdnJcZUuIaSYxGs'),
(2,'admin@gmail.com','$2b$10$kTKQmx5o09gzzmho51YbfOW.ZFFuyyKJ1Gb9Zrz0oDKdRFCFfKoZG','임동생근','01012345678','2025-09-16 06:58:01','2025-10-08 10:54:04','active','Normal',0,'2025-10-08 10:54:04','ExponentPushToken[3f-6zcGGntV9rKazG8z9rr]'),
(3,'abc@gmail.com','$2b$10$rluON9.lpssvL6g9g6DLweYu/jUJwE2xQljmsYDNe0lFSu.GJGxT2','김서원','01011111111','2025-09-17 08:23:06','2025-09-17 08:24:59','active','Normal',0,'2025-09-17 08:24:59',NULL),
(4,'1234@gmail.com','$2b$10$LlPeD8ZA61pLwzpwKvdCMeAFa9xt9Niiha8gtkkyEhUQjEfLWYvvO','임득근','01005054568','2025-09-17 08:23:30','2025-09-30 09:32:43','active','VIP',0,'2025-09-30 09:32:43','ExponentPushToken[YOyEtqDkegBeVa4CA89yo0]'),
(5,'bot1@gmail.com','$2b$10$1BqaWHAzRFt2XNSMgASsaOJU1ECL32fN1N20.QzUZe4OORNEU7uvO','홍길동','0104564689','2025-09-21 13:29:05','2025-10-01 05:52:32','active','Normal',0,'2025-10-01 05:52:32',NULL),
(6,'bot2@gmail.com','$2b$10$IINSFPpgKS4s0Pr8lePpWedJl8WxVK0y6rpJrKhjbAynf9f5pAYju','이인준','01045634689','2025-09-26 07:36:18','2025-09-27 05:07:07','suspended','Normal',0,NULL,NULL),
(7,'bot3@gmail.com','$2b$10$xwhWZIj/E7SytYTROLf3W.8Dvia6QKytXNO2KNWpSo0LOrgv0uGNm','황재하','01045213689','2025-09-26 07:52:45','2025-09-27 05:07:13','withdrawn','Normal',0,NULL,NULL),
(8,'bot4@gmail.com','$2b$10$t8PcPOaPYb6MEmRG1QWl7eiRMKW9b3ayIVZsZyizUtrvn5j2.ANs.','이서연','01034567890','2025-09-27 05:04:26','2025-09-27 05:06:44','inactive','Normal',0,NULL,NULL),
(9,'bot5@gmail.com','$2b$10$UVj34/fT8VDhX5AghWrVueAvJGozhv49sNjKqWuL7VzNWsW8VMXB2','박지후','01045678901','2025-09-27 05:04:34','2025-09-27 05:04:34','active','Normal',0,NULL,NULL),
(10,'juhi@naver.com','$2b$10$aGJwwDx/fytynbq/U11hUe2nza4mjhWP4H1Q4vCTARPBHJyebA1dO','박주희','01045670000','2025-09-27 05:05:07','2025-09-27 05:05:07','active','Normal',0,NULL,NULL),
(11,'people@naver.com','$2b$10$tcsnZYasnnGHISuN.MAqneYE0VsCug3k09Bmvk4KCa.5./Q.wgQ3K','김사람','01029313939','2025-09-27 05:06:07','2025-10-01 05:54:18','active','Normal',0,'2025-10-01 05:54:18',NULL),
(12,'chuchu@naver.com','$2b$10$ddY5STshMXj7tR/yu.crFOfzvjUgmDpKpHA8VJ7yH6VdQ6kf91Jo6','추강현','01045648997','2025-09-29 11:19:30','2025-09-29 11:19:30','active','Normal',0,NULL,NULL),
(13,'hung5269@naver.com','$2b$10$U4/iPBg8mgDmaq3RQBZPSeiYqD6DpFqb8XB3Qi9bUh/Z.PIQqkbQS','임형근','01014848978','2025-09-29 13:28:42','2025-10-20 15:28:11','active','Normal',0,'2025-10-20 15:28:11','cQQTA4l2Svam8vk4ELWBcI:APA91bGV6PwNIq-r_lA9mgCa1gJ5J1Cc25cczjLe1fIDfdaM3K0jUQjqbjIsxbpkxzmZa4ucRM0zBw7PcGu3jkguBcv-ptefy321bqPUoEyLt2qq6UW1eOc'),
(14,'dlwlgur15@naver.com','$2b$10$/O.h3wcedbjsMoehwOovfuvG3BZ.UdRj4j8C225XRWWROjLJLMfZ.','이지혁','01049574220','2025-09-29 13:35:37','2025-09-29 13:35:44','active','Normal',0,'2025-09-29 13:35:37',NULL),
(15,'sb9757@naver.com','$2b$10$lUXAGplNzwrpfe8wN/3uHeI32KzjReyGQw6QFVufZk5zO2Gc6oG1.','허선범','01064299757','2025-09-29 13:44:52','2025-09-29 13:45:00','active','Normal',0,'2025-09-29 13:44:52',NULL),
(16,'minji.kim@naver.com','$2b$10$R/bk0mTOri5Wpa/fAYfjZ.W7G7Mme6y7K8xFL4NjROhzsIwJQntO.','김민지','01012340001','2025-10-01 05:56:05','2025-10-01 05:56:05','active','Normal',0,NULL,NULL),
(17,'hyeonsu.lee@naver.com','$2b$10$UNnB1wp5M.8gJe5Et40/qufKfgSEz2p9FY3fIktGAV7kzWPmjYi8y','이현수','01012340002','2025-10-01 05:56:11','2025-10-01 05:56:11','active','Normal',0,NULL,NULL),
(18,'jaewon.park@naver.com','$2b$10$sSd22IUJYUVHnRZr8m/g2ekTjx3rNLVKqgaIbOdhOy7FKypJ4q5Ay','박재원','01012340003','2025-10-01 05:56:17','2025-10-01 05:56:17','active','Normal',0,NULL,NULL),
(19,'sujin.choi@naver.com','$2b$10$8n5c83zW.agVywLEKS2t1OuZsQl0YofbJ.yk1/ndpPj0D8kT6nvLy','최수진','01012340004','2025-10-01 05:56:23','2025-10-01 05:56:23','active','Normal',0,NULL,NULL),
(20,'yuna.jung@naver.com','$2b$10$2yDO4hgm9vZl7gw5lP4NWuuN6LgzCdYIi5URiOTZoI7Q.x4KtMtiy','정유나','01012340005','2025-10-01 05:56:29','2025-10-01 05:56:29','active','Normal',0,NULL,NULL),
(21,'dongwoo.han@naver.com','$2b$10$G.gk7XoTle1B5anKfONuoOc5ngDbqHl1/SZ2Oz.kCDUPTiyN3BRWW','한동우','01012340006','2025-10-01 05:56:36','2025-10-01 05:56:36','active','Normal',0,NULL,NULL),
(22,'seoyeon.ryu@naver.com','$2b$10$lEiEjL0T5qoQR9GTci4d9.RH.3v7b4B8lMIDjn2pKR8N7RA0sySfC','류서연','01012340007','2025-10-01 05:56:43','2025-10-01 05:56:43','active','Normal',0,NULL,NULL),
(23,'gyumin.song@gmail.com','$2b$10$F6ikXtqhC2B1oGxv.8atj.fxGR6bI163izZAnRwXL/RopT0RO/TTe','송규민','01012340008','2025-10-01 05:57:02','2025-10-01 05:57:02','active','Normal',0,NULL,NULL),
(24,'jihye.yoon@naver.com','$2b$10$bpljsneIpHQnzubx20ajA./PrzRme86/4XvoQnYd8Imxe767/az36','윤지혜','01012340009','2025-10-01 05:57:09','2025-10-01 09:27:31','active','vip',1,NULL,NULL),
(25,'seungmin.kang@naver.com','$2b$10$2CtoSjoHllUHsJdXlJ8Ow.wDfX2b6pDpomHv3crlSFxtn39kmNp.e','강승민','01012340010','2025-10-01 05:57:15','2025-10-01 09:27:21','inactive','Normal',0,NULL,NULL),
(26,'chelin65@naver.com','$2b$10$hjUTXVLT7BQ7sawZJx65XeKSnhtth3QlDK9kUlnjwKbAQXZ3udY4a','임채린','01056952431','2025-10-07 03:48:55','2025-10-07 03:49:04','active','Normal',0,'2025-10-07 03:48:55',NULL),
(27,'chelin65@nate.com','$2b$10$yd/Q.7KkppQBd8UH4XQ3FuoiVet/lCQodVLhchPKCPGKWBEZjaR7G','손명희','01041657606','2025-10-07 04:35:34','2025-10-07 04:35:39','active','Normal',0,'2025-10-07 04:35:34',NULL),
(29,'juhui0512@kakao.com','$2b$10$nC8v2u6OqxQDdYWufSCNiuQXE.tyl6hqsqgr4l9T6fv/WLGvGQ4yG','박주희','01093663431','2025-10-09 10:03:26','2025-10-09 10:03:40','active','Normal',0,'2025-10-09 10:03:26','ExponentPushToken[3f-6zcGGntV9rKazG8z9rr]'),
(30,'lhg010@gmail.com','$2b$10$zn3vjDUeDQS8AHvE8mxJ9.90I4lod3U10oa8WcFEfe1ubQtbIA2r6','임형근','01041685269','2025-10-20 05:39:15','2025-10-20 05:39:15','active','Normal',0,NULL,NULL);
/*!40000 ALTER TABLE `Users` ENABLE KEYS */;
UNLOCK TABLES;

--
-- Table structure for table `admin_users`
--

DROP TABLE IF EXISTS `admin_users`;
/*!40101 SET @saved_cs_client     = @@character_set_client */;
/*!40101 SET character_set_client = utf8mb4 */;
CREATE TABLE `admin_users` (
  `id` int(11) NOT NULL AUTO_INCREMENT,
  `email` varchar(255) NOT NULL,
  `name` varchar(255) NOT NULL,
  `phone` varchar(255) NOT NULL,
  `position` varchar(255) NOT NULL,
  `password` varchar(255) NOT NULL,
  `createdAt` datetime NOT NULL DEFAULT current_timestamp(),
  `updatedAt` datetime NOT NULL DEFAULT current_timestamp(),
  PRIMARY KEY (`id`),
  UNIQUE KEY `email` (`email`)
) ENGINE=InnoDB DEFAULT CHARSET=utf8mb4 COLLATE=utf8mb4_general_ci;
/*!40101 SET character_set_client = @saved_cs_client */;

--
-- Dumping data for table `admin_users`
--

LOCK TABLES `admin_users` WRITE;
/*!40000 ALTER TABLE `admin_users` DISABLE KEYS */;
/*!40000 ALTER TABLE `admin_users` ENABLE KEYS */;
UNLOCK TABLES;
/*!40103 SET TIME_ZONE=@OLD_TIME_ZONE */;

/*!40101 SET SQL_MODE=@OLD_SQL_MODE */;
/*!40014 SET FOREIGN_KEY_CHECKS=@OLD_FOREIGN_KEY_CHECKS */;
/*!40014 SET UNIQUE_CHECKS=@OLD_UNIQUE_CHECKS */;
/*!40101 SET CHARACTER_SET_CLIENT=@OLD_CHARACTER_SET_CLIENT */;
/*!40101 SET CHARACTER_SET_RESULTS=@OLD_CHARACTER_SET_RESULTS */;
/*!40101 SET COLLATION_CONNECTION=@OLD_COLLATION_CONNECTION */;
/*M!100616 SET NOTE_VERBOSITY=@OLD_NOTE_VERBOSITY */;

-- Dump completed on 2025-10-31 15:10:01
